"","experiment_id","subject.id","species","tissue","Group","Time.of.day","Total.Mass","Lean.Mass","Fat.Mass","Energy.Expenditure..kcal.hr.","Food.Intake..kcal.hr.","Oxygen.Consumption..ml.hr.","Carbon.Dioxide.Production..ml.hr.","Respiratory.Exchange.Ratio","Locomotor.Activity..beam.breaks.hr.","Pedestrian.Locomotion..m.hr.","Body.Temperature..C.","Distance.in.Cage..m.hr.","Water.Intake..kcal.hr.","Energy.Balance..kcal.hr.","exp_time_start","exp_time_end","duration_hr","diet_names","dietCal","age","strain","genetic_background","sex","temperature","quality_score","system","pmid","location","treatment","investigator","Subject.ID","Total.Food..kcal.","Total.Drink..ml.","Pedestrian.Locomotion..m.","Distance.in.Cage.Locomotion..m.","litter","bedding","ee_calc","enrich"
"1","CalR000171","1_1","Mouse","Whole Body","AdCreERT2/+","Light",24.5,19.96,3.32,0.0433608273032407,0.281246922222223,99.1131066428571,90.0629833928571,0.897116183214286,85.2428571428571,13.7648,-1,19.5726027777778,0.121536388888889,0.237886094918982,"2024-06-21T14:33:37Z","2024-06-24T05:33:37Z",63,"LabDiet 5008 3.56kcal/g",3.56,10,"Smad AdCreERT2/+","C57Bl/6","female",23,0,"Sable Systems: Promethion",NA,"BIDMC","none","Deepti_Ramachandran","1_1",10.1248892,4.37531,320.1632,444.7381,8,"Corncob","Weir","Igloo (Plastic)"
"2","CalR000171","1_10","Mouse","Whole Body","+/+","Light",22.6,18.94,3.33,0.0385518066319444,0.391879855555555,91.1178838071429,72.6568481892857,0.78643146,72.3357142857143,12.5928694444444,-1,17.2443972222222,0.114260555555556,0.353328048923611,"2024-06-21T14:33:37Z","2024-06-24T05:33:37Z",63,"LabDiet 5008 3.56kcal/g",3.56,10,"Smad AdCreERT2/+","C57Bl/6","female",23,0,"Sable Systems: Promethion",NA,"BIDMC","none","Deepti_Ramachandran","1_10",14.1076748,4.11338,287.8789,385.7726,8,"Corncob","Weir","Igloo (Plastic)"
"3","CalR000171","1_11","Mouse","Whole Body","AdCreERT2/+","Light",26.2,20.76,4.15,0.0399898459722222,0.948480911111111,98.3582519035714,80.8590199071429,0.805261323214286,64.1517857142857,13.9411833333333,-1,17.4651333333333,0.0745819444444444,0.908491065138889,"2024-06-21T14:33:37Z","2024-06-24T05:33:37Z",63,"LabDiet 5008 3.56kcal/g",3.56,10,"Smad AdCreERT2/+","C57Bl/6","female",23,0,"Sable Systems: Promethion",NA,"BIDMC","none","Deepti_Ramachandran","1_11",34.1453128,2.68495,332.2203,415.3396,8,"Corncob","Weir","Igloo (Plastic)"
"4","CalR000171","1_12","Mouse","Whole Body","+/+","Light",24.6,18.14,5.99,0.0409168025578704,0.230904566666667,97.8031731964286,80.143331625,0.810022130178571,76.4107142857143,12.9120805555555,-1,18.4337388888889,0.112127777777778,0.189987764108797,"2024-06-21T14:33:37Z","2024-06-24T05:33:37Z",63,"LabDiet 5008 3.56kcal/g",3.56,10,"Smad AdCreERT2/+","C57Bl/6","female",23,0,"Sable Systems: Promethion",NA,"BIDMC","none","Deepti_Ramachandran","1_12",8.31256440000001,4.0366,305.3426,423.1112,8,"Corncob","Weir","Igloo (Plastic)"
"5","CalR000171","1_13","Mouse","Whole Body","+/+","Light",25.7,20.82,3.93,0.0423401592476852,0.389631122222223,103.993677857143,84.6971783571429,0.804786607321429,68.1267857142857,15.0304694444444,-1,20.0679583333333,0.123309166666667,0.347290962974538,"2024-06-21T14:33:37Z","2024-06-24T05:33:37Z",63,"LabDiet 5008 3.56kcal/g",3.56,10,"Smad AdCreERT2/+","C57Bl/6","female",23,0,"Sable Systems: Promethion",NA,"BIDMC","none","Deepti_Ramachandran","1_13",14.0267204,4.43913,345.1964,456.5296,8,"Corncob","Weir","Igloo (Plastic)"
"6","CalR000171","1_14","Mouse","Whole Body","AdCreERT2/+","Light",24.7,19.64,4.18,0.0424969801736111,0.317842733333334,102.5950785,86.2082556535714,0.833240247321429,100.492857142857,9.57175555555555,-1,15.7634027777778,0.108707777777778,0.275345753159723,"2024-06-21T14:33:37Z","2024-06-24T05:33:37Z",63,"LabDiet 5008 3.56kcal/g",3.56,10,"Smad AdCreERT2/+","C57Bl/6","female",23,0,"Sable Systems: Promethion",NA,"BIDMC","none","Deepti_Ramachandran","1_14",11.4423384,3.91348000000001,252.483,395.8269,8,"Corncob","Weir","Igloo (Plastic)"
"7","CalR000171","1_15","Mouse","Whole Body","AdCreERT2/+","Light",24.8,19.8,3.84,0.0411965715162037,0.293101722222223,100.966076035714,79.7490796607143,0.777964448214286,65.7964285714286,9.69539444444445,-1,13.5477833333333,0.0608775000000001,0.251905150706019,"2024-06-21T14:33:37Z","2024-06-24T05:33:37Z",63,"LabDiet 5008 3.56kcal/g",3.56,10,"Smad AdCreERT2/+","C57Bl/6","female",23,0,"Sable Systems: Promethion",NA,"BIDMC","none","Deepti_Ramachandran","1_15",10.551662,2.19159,230.0125,314.4591,8,"Corncob","Weir","Igloo (Plastic)"
"8","CalR000171","1_16","Mouse","Whole Body","+/+","Light",27.3,20.69,5.9,0.040415839837963,0.166702933333333,98.2819993928571,75.4912171392857,0.75820492,58.1160714285714,12.1718222222222,-1,16.6193944444444,0.0649908333333334,0.12628709349537,"2024-06-21T14:33:37Z","2024-06-24T05:33:37Z",63,"LabDiet 5008 3.56kcal/g",3.56,10,"Smad AdCreERT2/+","C57Bl/6","female",23,0,"Sable Systems: Promethion",NA,"BIDMC","none","Deepti_Ramachandran","1_16",6.00130559999999,2.33967,310.0914,402.1969,8,"Corncob","Weir","Igloo (Plastic)"
"9","CalR000171","1_2","Mouse","Whole Body","+/+","Light",28.8,22.56,4.94,0.0394648996296296,0.685522499999999,96.3753862607143,79.4858154428571,0.808841011071429,88.1,13.3315,-1,18.0395833333333,0.119560833333333,0.646057600370369,"2024-06-21T14:33:37Z","2024-06-24T05:33:37Z",63,"LabDiet 5008 3.56kcal/g",3.56,10,"Smad AdCreERT2/+","C57Bl/6","female",23,0,"Sable Systems: Promethion",NA,"BIDMC","none","Deepti_Ramachandran","1_2",24.67881,4.30419,311.9326,414.8898,8,"Corncob","Weir","Igloo (Plastic)"
"10","CalR000171","1_3","Mouse","Whole Body","+/+","Light",26.4,20.55,4.72,0.0430011635185185,1.17174136666667,103.736760642857,89.3252056607143,0.845787614464286,108.473214285714,12.9927472222222,-1,18.5037888888889,0.128387777777778,1.12874020314815,"2024-06-21T14:33:37Z","2024-06-24T05:33:37Z",63,"LabDiet 5008 3.56kcal/g",3.56,10,"Smad AdCreERT2/+","C57Bl/6","female",23,0,"Sable Systems: Promethion",NA,"BIDMC","none","Deepti_Ramachandran","1_3",42.1826892,4.62196,321.9194,447.652,8,"Corncob","Weir","Igloo (Plastic)"
"11","CalR000171","1_4","Mouse","Whole Body","AdCreERT2/+","Light",26.5,21.09,4.36,0.038298659849537,0.382266866666667,94.1626508678571,75.715042575,0.787008133571429,97.1642857142857,8.6394,-1,13.4752472222222,0.0984905555555556,0.34396820681713,"2024-06-21T14:33:37Z","2024-06-24T05:33:37Z",63,"LabDiet 5008 3.56kcal/g",3.56,10,"Smad AdCreERT2/+","C57Bl/6","female",23,0,"Sable Systems: Promethion",NA,"BIDMC","none","Deepti_Ramachandran","1_4",13.7616072,3.54566,218.6335,326.1721,8,"Corncob","Weir","Igloo (Plastic)"
"12","CalR000171","1_5","Mouse","Whole Body","AdCreERT2/+","Light",27.8,22.24,4.34,0.0431072734837963,0.7649461,105.437444892857,93.7655985107143,0.884539229285714,93.4928571428571,7.76597777777778,-1,12.9238222222222,0.147139444444444,0.721838826516204,"2024-06-21T14:33:37Z","2024-06-24T05:33:37Z",63,"LabDiet 5008 3.56kcal/g",3.56,10,"Smad AdCreERT2/+","C57Bl/6","female",23,0,"Sable Systems: Promethion",NA,"BIDMC","none","Deepti_Ramachandran","1_5",27.5380596,5.29702,187.1568,308.7506,8,"Corncob","Weir","Igloo (Plastic)"
"13","CalR000171","1_7","Mouse","Whole Body","+/+","Light",25.4,19.37,4.06,0.0413362689699074,0.437244144444446,99.0621020357143,82.9837930714286,0.831819734464286,81.7696428571429,9.52995833333333,-1,13.4130277777778,0.0773952777777778,0.395907875474539,"2024-06-21T14:33:37Z","2024-06-24T05:33:37Z",63,"LabDiet 5008 3.56kcal/g",3.56,10,"Smad AdCreERT2/+","C57Bl/6","female",23,0,"Sable Systems: Promethion",NA,"BIDMC","none","Deepti_Ramachandran","1_7",15.7407892000001,2.78623,227.661,315.7791,8,"Corncob","Weir","Igloo (Plastic)"
"14","CalR000171","1_8","Mouse","Whole Body","AdCreERT2/+","Light",24.8,19.28,4.57,0.0389607072337963,0.268763188888889,96.1450599642857,80.5443201535714,0.833836343928571,71.5125,10.7572194444444,-1,14.4156138888889,0.0891608333333334,0.229802481655093,"2024-06-21T14:33:37Z","2024-06-24T05:33:37Z",63,"LabDiet 5008 3.56kcal/g",3.56,10,"Smad AdCreERT2/+","C57Bl/6","female",23,0,"Sable Systems: Promethion",NA,"BIDMC","none","Deepti_Ramachandran","1_8",9.67547480000001,3.20979,263.4455,345.3178,8,"Corncob","Weir","Igloo (Plastic)"
"15","CalR000171","2_25","Mouse","Whole Body","+/+","Light",25.7,19.99,4.35,0.04164065,0.34443,102.742134444444,81.8008934111111,0.791636481666667,41.4018518518519,8.79458611111111,-1,12.1293138888889,0.0619363888888889,0.30278935,"2024-06-21T14:33:37Z","2024-06-24T05:33:37Z",63,"LabDiet 5008 3.56kcal/g",3.56,10,"Smad AdCreERT2/+","C57Bl/6","female",23,0,"Sable Systems: Promethion",NA,"BIDMC","none","Deepti_Ramachandran","2_25",13.0998388,2.116162,216.1088,290.1227,8,"Corncob","Weir","Igloo (Plastic)"
"16","CalR000171","2_26","Mouse","Whole Body","AdCreERT2/+","Light",25,19.63,4.61,0.0407521830092593,0.255944222222222,101.352053866667,81.1125118888889,0.795446382962963,50.6796296296296,10.19945,-1,13.3084,0.075183888888889,0.215192039212963,"2024-06-21T14:33:37Z","2024-06-24T05:33:37Z",63,"LabDiet 5008 3.56kcal/g",3.56,10,"Smad AdCreERT2/+","C57Bl/6","female",23,0,"Sable Systems: Promethion",NA,"BIDMC","none","Deepti_Ramachandran","2_26",8.91591320000001,3.27809,254.6638,328.4781,8,"Corncob","Weir","Igloo (Plastic)"
"17","CalR000171","2_27","Mouse","Whole Body","AdCreERT2/+","Light",27.3,18.9,3.45,0.0393475426273148,0.634057755555556,100.008906677778,84.7647027555556,0.845244868888889,63.9777777777778,9.54589166666667,-1,14.6852222222222,0.0703997222222223,0.594710212928241,"2024-06-21T14:33:37Z","2024-06-24T05:33:37Z",63,"LabDiet 5008 3.56kcal/g",3.56,10,"Smad AdCreERT2/+","C57Bl/6","female",23,0,"Sable Systems: Promethion",NA,"BIDMC","none","Deepti_Ramachandran","2_27",25.2566692,2.18583,222.3308,333.0371,8,"Corncob","Weir","Igloo (Plastic)"
"18","CalR000171","2_28","Mouse","Whole Body","+/+","Light",21.4,17.19,3.63,0.0371112780439815,0.270714266666666,94.2761950777778,74.1555079333333,0.782085471851852,31.9981481481482,5.66475,-1,8.18357222222223,0.0399814444444445,0.233602988622685,"2024-06-21T14:33:37Z","2024-06-24T05:33:37Z",63,"LabDiet 5008 3.56kcal/g",3.56,10,"Smad AdCreERT2/+","C57Bl/6","female",23,0,"Sable Systems: Promethion",NA,"BIDMC","none","Deepti_Ramachandran","2_28",8.50701159999998,1.439332,138.0029,191.8829,8,"Corncob","Weir","Igloo (Plastic)"
"19","CalR000171","2_29","Mouse","Whole Body","+/+","Light",26.2,20.57,4.16,0.0449398590162037,0.289647533333333,111.454666777778,90.962051,0.811296085740741,67.2592592592593,9.14860277777778,-1,13.7055916666667,0.0460327777777779,0.244707674317129,"2024-06-21T14:33:37Z","2024-06-24T05:33:37Z",63,"LabDiet 5008 3.56kcal/g",3.56,10,"Smad AdCreERT2/+","C57Bl/6","female",23,0,"Sable Systems: Promethion",NA,"BIDMC","none","Deepti_Ramachandran","2_29",9.65436399999999,1.61181,212.4007,311.5504,8,"Corncob","Weir","Igloo (Plastic)"
"20","CalR000171","2_30","Mouse","Whole Body","AdCreERT2/+","Light",25.5,20.1,4.66,0.0462915055555556,0.231689744444445,116.957228777778,89.9251657888889,0.767759899444444,84.262962962963,13.9183611111111,-1,19.3738472222222,0.0757238888888889,0.185398238888889,"2024-06-21T14:33:37Z","2024-06-24T05:33:37Z",63,"LabDiet 5008 3.56kcal/g",3.56,10,"Smad AdCreERT2/+","C57Bl/6","female",23,0,"Sable Systems: Promethion",NA,"BIDMC","none","Deepti_Ramachandran","2_30",6.96271920000001,2.39952,334.9774,458.0284,8,"Corncob","Weir","Igloo (Plastic)"
"21","CalR000171","1_1","Mouse","Whole Body","AdCreERT2/+","Full day",24.5,19.96,3.32,0.0237369200960522,1.62214712777778,112.700690142857,107.997070290476,0.94647785452381,132.306349206349,11.8443194444444,-1,16.3091972222222,0.210929444444444,1.59841020768173,"2024-06-21T14:33:37Z","2024-06-24T05:33:37Z",63,"LabDiet 5008 3.56kcal/g",3.56,10,"Smad AdCreERT2/+","C57Bl/6","female",23,0,"Sable Systems: Promethion",NA,"BIDMC","none","Deepti_Ramachandran","1_1",116.7945932,15.18692,430.6441,586.7101,8,"Corncob","Weir","Igloo (Plastic)"
"22","CalR000171","1_10","Mouse","Whole Body","+/+","Full day",22.6,18.94,3.33,0.0219412430982664,0.873203722222222,105.473591152381,90.9083039,0.845881589365079,109.240476190476,10.5024152777778,-1,14.049625,0.309159722222222,0.851262479123956,"2024-06-21T14:33:37Z","2024-06-24T05:33:37Z",63,"LabDiet 5008 3.56kcal/g",3.56,10,"Smad AdCreERT2/+","C57Bl/6","female",23,0,"Sable Systems: Promethion",NA,"BIDMC","none","Deepti_Ramachandran","1_10",62.870668,22.2595,375.7436,497.0736,8,"Corncob","Weir","Igloo (Plastic)"
"23","CalR000171","1_11","Mouse","Whole Body","AdCreERT2/+","Full day",26.2,20.76,4.15,0.0226122646051605,1.53839565555555,109.476599390476,95.7596340571429,0.856102546031746,90.1936507936508,11.3964625,-1,14.2265916666667,0.187990138888889,1.5157833909504,"2024-06-21T14:33:37Z","2024-06-24T05:33:37Z",63,"LabDiet 5008 3.56kcal/g",3.56,10,"Smad AdCreERT2/+","C57Bl/6","female",23,0,"Sable Systems: Promethion",NA,"BIDMC","none","Deepti_Ramachandran","1_11",110.7644872,13.53529,448.007,559.2346,8,"Corncob","Weir","Igloo (Plastic)"
"24","CalR000171","1_12","Mouse","Whole Body","+/+","Full day",24.6,18.14,5.99,0.0226418007998063,1.01112306666667,108.39747452381,93.5319942428571,0.847524274126984,114.127777777778,11.1073388888889,-1,15.1948791666667,0.241733888888889,0.98848126586686,"2024-06-21T14:33:37Z","2024-06-24T05:33:37Z",63,"LabDiet 5008 3.56kcal/g",3.56,10,"Smad AdCreERT2/+","C57Bl/6","female",23,0,"Sable Systems: Promethion",NA,"BIDMC","none","Deepti_Ramachandran","1_12",72.8008608,17.40484,412.5839,551.3172,8,"Corncob","Weir","Igloo (Plastic)"
"25","CalR000171","1_13","Mouse","Whole Body","+/+","Full day",25.7,20.82,3.93,0.0247199480347348,1.50370296111111,118.98333712381,104.69416037619,0.860935897777778,112.146031746032,12.5781097222222,-1,16.5298333333333,0.29272,1.47898301307638,"2024-06-21T14:33:37Z","2024-06-24T05:33:37Z",63,"LabDiet 5008 3.56kcal/g",3.56,10,"Smad AdCreERT2/+","C57Bl/6","female",23,0,"Sable Systems: Promethion",NA,"BIDMC","none","Deepti_Ramachandran","1_13",108.2666132,21.07584,447.327,586.5506,8,"Corncob","Weir","Igloo (Plastic)"
"26","CalR000171","1_14","Mouse","Whole Body","AdCreERT2/+","Full day",24.7,19.64,4.18,0.0244319001576968,1.00775837222222,117.481057380952,106.598062933333,0.894730990396825,145.199206349206,9.20168333333333,-1,14.0592138888889,0.305307916666667,0.983326472064526,"2024-06-21T14:33:37Z","2024-06-24T05:33:37Z",63,"LabDiet 5008 3.56kcal/g",3.56,10,"Smad AdCreERT2/+","C57Bl/6","female",23,0,"Sable Systems: Promethion",NA,"BIDMC","none","Deepti_Ramachandran","1_14",72.5586028,21.98217,398.9126,583.8834,8,"Corncob","Weir","Igloo (Plastic)"
"27","CalR000171","1_15","Mouse","Whole Body","AdCreERT2/+","Full day",24.8,19.8,3.84,0.0228199547926102,0.978364144444445,110.813439619048,94.0197149857143,0.833949239920635,79.0230158730159,7.67915555555556,-1,10.5266625,0.161351944444445,0.955544189651835,"2024-06-21T14:33:37Z","2024-06-24T05:33:37Z",63,"LabDiet 5008 3.56kcal/g",3.56,10,"Smad AdCreERT2/+","C57Bl/6","female",23,0,"Sable Systems: Promethion",NA,"BIDMC","none","Deepti_Ramachandran","1_15",70.4422184,11.61734,291.2424,394.2515,8,"Corncob","Weir","Igloo (Plastic)"
"28","CalR000171","1_16","Mouse","Whole Body","+/+","Full day",27.3,20.69,5.9,0.023726916098908,0.69052875,115.237631952381,98.8904700047619,0.83826405531746,96.6944444444444,11.4786972222222,-1,14.8372097222222,0.240970138888889,0.666801833901092,"2024-06-21T14:33:37Z","2024-06-24T05:33:37Z",63,"LabDiet 5008 3.56kcal/g",3.56,10,"Smad AdCreERT2/+","C57Bl/6","female",23,0,"Sable Systems: Promethion",NA,"BIDMC","none","Deepti_Ramachandran","1_16",49.71807,17.34985,457.409,570.8239,8,"Corncob","Weir","Igloo (Plastic)"
"29","CalR000171","1_2","Mouse","Whole Body","+/+","Full day",28.8,22.56,4.94,0.021127865415786,1.44200568888889,103.0436813,88.7193968,0.844804926666667,102.268253968254,10.1103291666667,-1,13.5439236111111,0.163030833333333,1.4208778234731,"2024-06-21T14:33:37Z","2024-06-24T05:33:37Z",63,"LabDiet 5008 3.56kcal/g",3.56,10,"Smad AdCreERT2/+","C57Bl/6","female",23,0,"Sable Systems: Promethion",NA,"BIDMC","none","Deepti_Ramachandran","1_2",103.8244096,11.73822,377.5355,502.9544,8,"Corncob","Weir","Igloo (Plastic)"
"30","CalR000171","1_3","Mouse","Whole Body","+/+","Full day",26.4,20.55,4.72,0.0224998973534999,1.99721686111111,109.037091095238,97.453050652381,0.87695560984127,128.39126984127,10.7371625,-1,14.7953236111111,0.223434027777778,1.97471696375761,"2024-06-21T14:33:37Z","2024-06-24T05:33:37Z",63,"LabDiet 5008 3.56kcal/g",3.56,10,"Smad AdCreERT2/+","C57Bl/6","female",23,0,"Sable Systems: Promethion",NA,"BIDMC","none","Deepti_Ramachandran","1_3",143.799614,16.08725,433.4686,582.937,8,"Corncob","Weir","Igloo (Plastic)"
"31","CalR000171","1_4","Mouse","Whole Body","AdCreERT2/+","Full day",26.5,21.09,4.36,0.0201092283911408,0.768202016666667,98.3923477428571,82.4574741047619,0.820481280873016,101.314285714286,6.87520833333333,-1,10.3126402777778,0.156344722222222,0.748092788275526,"2024-06-21T14:33:37Z","2024-06-24T05:33:37Z",63,"LabDiet 5008 3.56kcal/g",3.56,10,"Smad AdCreERT2/+","C57Bl/6","female",23,0,"Sable Systems: Promethion",NA,"BIDMC","none","Deepti_Ramachandran","1_4",55.3105452,11.25682,295.301,424.7889,8,"Corncob","Weir","Igloo (Plastic)"
"32","CalR000171","1_5","Mouse","Whole Body","AdCreERT2/+","Full day",27.8,22.24,4.34,0.0247272850178014,3.08677167222222,118.517841285714,112.291920133333,0.93472964515873,125.160317460318,6.57902638888889,-1,10.7456972222222,0.370212222222222,3.06204438720442,"2024-06-21T14:33:37Z","2024-06-24T05:33:37Z",63,"LabDiet 5008 3.56kcal/g",3.56,10,"Smad AdCreERT2/+","C57Bl/6","female",23,0,"Sable Systems: Promethion",NA,"BIDMC","none","Deepti_Ramachandran","1_5",222.2475604,26.65528,264.5517,427.4297,8,"Corncob","Weir","Igloo (Plastic)"
"33","CalR000171","1_7","Mouse","Whole Body","+/+","Full day",25.4,19.37,4.06,0.0209242395054599,0.72466915,101.757951619048,87.8851200476191,0.85762278531746,90.1126984126984,7.57643333333333,-1,10.4393833333333,0.162563055555556,0.70374491049454,"2024-06-21T14:33:37Z","2024-06-24T05:33:37Z",63,"LabDiet 5008 3.56kcal/g",3.56,10,"Smad AdCreERT2/+","C57Bl/6","female",23,0,"Sable Systems: Promethion",NA,"BIDMC","none","Deepti_Ramachandran","1_7",52.1761788,11.70454,301.7001,411.3034,8,"Corncob","Weir","Igloo (Plastic)"
"34","CalR000171","1_8","Mouse","Whole Body","AdCreERT2/+","Full day",24.8,19.28,4.57,0.0215232743140474,0.649674288888889,104.166452752381,91.9623676380952,0.873168066746032,87.0134920634921,8.98089722222222,-1,11.6965986111111,0.214988055555556,0.628151014574841,"2024-06-21T14:33:37Z","2024-06-24T05:33:37Z",63,"LabDiet 5008 3.56kcal/g",3.56,10,"Smad AdCreERT2/+","C57Bl/6","female",23,0,"Sable Systems: Promethion",NA,"BIDMC","none","Deepti_Ramachandran","1_8",46.7765488,15.47914,367.2727,468.6267,8,"Corncob","Weir","Igloo (Plastic)"
"35","CalR000171","2_25","Mouse","Whole Body","+/+","Full day",25.7,19.99,4.35,0.0229838712720788,1.21291771111111,112.734895238095,97.3360685333333,0.853912994206349,76.0134920634921,7.91858055555555,-1,10.7166791666667,0.145691763888889,1.18993383983903,"2024-06-21T14:33:37Z","2024-06-24T05:33:37Z",63,"LabDiet 5008 3.56kcal/g",3.56,10,"Smad AdCreERT2/+","C57Bl/6","female",23,0,"Sable Systems: Promethion",NA,"BIDMC","none","Deepti_Ramachandran","2_25",87.3300752,10.489807,324.2119,426.9436,8,"Corncob","Weir","Igloo (Plastic)"
"36","CalR000171","2_26","Mouse","Whole Body","AdCreERT2/+","Full day",25,19.63,4.61,0.0222469232774758,0.720021372222222,108.858336085714,93.0397993904762,0.846016510873016,82.3293650793651,9.37064166666667,-1,12.0042958333333,0.250450416666667,0.697774448944746,"2024-06-21T14:33:37Z","2024-06-24T05:33:37Z",63,"LabDiet 5008 3.56kcal/g",3.56,10,"Smad AdCreERT2/+","C57Bl/6","female",23,0,"Sable Systems: Promethion",NA,"BIDMC","none","Deepti_Ramachandran","2_26",51.8415388,18.03243,362.9874,462.5901,8,"Corncob","Weir","Igloo (Plastic)"
"37","CalR000171","2_27","Mouse","Whole Body","AdCreERT2/+","Full day",27.3,18.9,3.45,0.0219121143879579,1.6929313,107.016936109524,94.4170837761905,0.877910603888889,100.465079365079,8.03505277777778,-1,12.0682361111111,0.1953225,1.67101918561204,"2024-06-21T14:33:37Z","2024-06-24T05:33:37Z",63,"LabDiet 5008 3.56kcal/g",3.56,10,"Smad AdCreERT2/+","C57Bl/6","female",23,0,"Sable Systems: Promethion",NA,"BIDMC","none","Deepti_Ramachandran","2_27",121.8910536,14.06322,292.8185,437.3401,8,"Corncob","Weir","Igloo (Plastic)"
"38","CalR000171","2_28","Mouse","Whole Body","+/+","Full day",21.4,17.19,3.63,0.0202604212211277,0.613097266666667,100.03148772381,85.165877147619,0.843051072936508,56.0206349206349,4.94748472222222,-1,6.91440833333334,0.0896758888888889,0.592836845445539,"2024-06-21T14:33:37Z","2024-06-24T05:33:37Z",63,"LabDiet 5008 3.56kcal/g",3.56,10,"Smad AdCreERT2/+","C57Bl/6","female",23,0,"Sable Systems: Promethion",NA,"BIDMC","none","Deepti_Ramachandran","2_28",44.1430032,6.456664,205.9072,276.3374,8,"Corncob","Weir","Igloo (Plastic)"
"39","CalR000171","2_29","Mouse","Whole Body","+/+","Full day",26.2,20.57,4.16,0.0240015134547982,0.705449105555556,117.417938285714,101.314639357143,0.855303519047619,95.8166666666667,7.54478194444444,-1,11.0346916666667,0.141920416666667,0.681447592100758,"2024-06-21T14:33:37Z","2024-06-24T05:33:37Z",63,"LabDiet 5008 3.56kcal/g",3.56,10,"Smad AdCreERT2/+","C57Bl/6","female",23,0,"Sable Systems: Promethion",NA,"BIDMC","none","Deepti_Ramachandran","2_29",50.7923356,10.21827,282.9147,412.0239,8,"Corncob","Weir","Igloo (Plastic)"
"40","CalR000171","2_30","Mouse","Whole Body","AdCreERT2/+","Full day",25.5,20.1,4.66,0.0261462706215404,0.957465955555556,127.777517571429,110.131274109524,0.850970497539683,128.965079365079,12.1429680555556,-1,16.3632472222222,0.291412222222222,0.931319684934015,"2024-06-21T14:33:37Z","2024-06-24T05:33:37Z",63,"LabDiet 5008 3.56kcal/g",3.56,10,"Smad AdCreERT2/+","C57Bl/6","female",23,0,"Sable Systems: Promethion",NA,"BIDMC","none","Deepti_Ramachandran","2_30",68.9375488,20.98168,440.7859,590.4164,8,"Corncob","Weir","Igloo (Plastic)"
"41","CalR000171","1_1","Mouse","Whole Body","AdCreERT2/+","Dark",24.5,19.96,3.32,0.051775664793771,2.96304733333333,123.570756942857,122.344339808571,0.985967191571429,169.957142857143,23.6886388888889,-1,32.6183944444444,0.3003225,2.91127166853956,"2024-06-21T14:33:37Z","2024-06-24T05:33:37Z",63,"LabDiet 5008 3.56kcal/g",3.56,10,"Smad AdCreERT2/+","C57Bl/6","female",23,0,"Sable Systems: Promethion",NA,"BIDMC","none","Deepti_Ramachandran","1_1",106.669704,10.81161,430.6441,586.7101,8,"Corncob","Weir","Igloo (Plastic)"
"42","CalR000171","1_10","Mouse","Whole Body","+/+","Dark",22.6,18.94,3.33,0.0480120944928451,1.35452758888889,116.958157028571,105.509468468571,0.893441692857143,138.764285714286,21.0048305555556,-1,28.09925,0.504058888888889,1.30651549439604,"2024-06-21T14:33:37Z","2024-06-24T05:33:37Z",63,"LabDiet 5008 3.56kcal/g",3.56,10,"Smad AdCreERT2/+","C57Bl/6","female",23,0,"Sable Systems: Promethion",NA,"BIDMC","none","Deepti_Ramachandran","1_10",48.7629932,18.14612,375.7436,497.0736,8,"Corncob","Weir","Igloo (Plastic)"
"43","CalR000171","1_11","Mouse","Whole Body","AdCreERT2/+","Dark",26.2,20.76,4.15,0.0487034702935606,2.1283104,118.37127738,107.680125377143,0.896775524285714,111.027142857143,22.792925,-1,28.4531833333333,0.301398333333333,2.07960692970644,"2024-06-21T14:33:37Z","2024-06-24T05:33:37Z",63,"LabDiet 5008 3.56kcal/g",3.56,10,"Smad AdCreERT2/+","C57Bl/6","female",23,0,"Sable Systems: Promethion",NA,"BIDMC","none","Deepti_Ramachandran","1_11",76.6191744,10.85034,448.007,559.2346,8,"Corncob","Weir","Igloo (Plastic)"
"44","CalR000171","1_12","Mouse","Whole Body","+/+","Dark",24.6,18.14,5.99,0.0477950493297559,1.79134156666667,116.872915585714,104.242924337143,0.877525989285714,144.301428571429,22.2146777777778,-1,30.3897583333333,0.37134,1.74354651733691,"2024-06-21T14:33:37Z","2024-06-24T05:33:37Z",63,"LabDiet 5008 3.56kcal/g",3.56,10,"Smad AdCreERT2/+","C57Bl/6","female",23,0,"Sable Systems: Promethion",NA,"BIDMC","none","Deepti_Ramachandran","1_12",64.4882964,13.36824,412.5839,551.3172,8,"Corncob","Weir","Igloo (Plastic)"
"45","CalR000171","1_13","Mouse","Whole Body","+/+","Dark",25.7,20.82,3.93,0.0539642162763047,2.6177748,130.975064537143,120.691745991429,0.905855330142857,147.361428571429,25.1562194444444,-1,33.0596666666667,0.462130833333333,2.56381058372369,"2024-06-21T14:33:37Z","2024-06-24T05:33:37Z",63,"LabDiet 5008 3.56kcal/g",3.56,10,"Smad AdCreERT2/+","C57Bl/6","female",23,0,"Sable Systems: Promethion",NA,"BIDMC","none","Deepti_Ramachandran","1_13",94.2398928,16.63671,447.327,586.5506,8,"Corncob","Weir","Igloo (Plastic)"
"46","CalR000171","1_14","Mouse","Whole Body","AdCreERT2/+","Dark",24.7,19.64,4.18,0.0537899970970118,1.69767401111111,129.389840485714,122.909908757143,0.943923584857143,180.964285714286,18.4033666666667,-1,28.1184277777778,0.501908055555556,1.6438840140141,"2024-06-21T14:33:37Z","2024-06-24T05:33:37Z",63,"LabDiet 5008 3.56kcal/g",3.56,10,"Smad AdCreERT2/+","C57Bl/6","female",23,0,"Sable Systems: Promethion",NA,"BIDMC","none","Deepti_Ramachandran","1_14",61.1162644,18.06869,398.9126,583.8834,8,"Corncob","Weir","Igloo (Plastic)"
"47","CalR000171","1_15","Mouse","Whole Body","AdCreERT2/+","Dark",24.8,19.8,3.84,0.0486184890025253,1.66362656666667,118.691330485714,105.436223245714,0.878737073285714,89.6042857142857,15.3583111111111,-1,21.053325,0.261826388888889,1.61500807766414,"2024-06-21T14:33:37Z","2024-06-24T05:33:37Z",63,"LabDiet 5008 3.56kcal/g",3.56,10,"Smad AdCreERT2/+","C57Bl/6","female",23,0,"Sable Systems: Promethion",NA,"BIDMC","none","Deepti_Ramachandran","1_15",59.8905564,9.42575,291.2424,394.2515,8,"Corncob","Weir","Igloo (Plastic)"
"48","CalR000171","1_16","Mouse","Whole Body","+/+","Dark",27.3,20.69,5.9,0.0530812100904882,1.21435456666667,128.802138,117.609872297143,0.902311363571429,127.557142857143,22.9573944444444,-1,29.6744194444444,0.416949444444444,1.16127335657618,"2024-06-21T14:33:37Z","2024-06-24T05:33:37Z",63,"LabDiet 5008 3.56kcal/g",3.56,10,"Smad AdCreERT2/+","C57Bl/6","female",23,0,"Sable Systems: Promethion",NA,"BIDMC","none","Deepti_Ramachandran","1_16",43.7167644,15.01018,457.409,570.8239,8,"Corncob","Weir","Igloo (Plastic)"
"49","CalR000171","1_2","Mouse","Whole Body","+/+","Dark",28.8,22.56,4.94,0.0443103710122054,2.19848887777778,108.378317331429,96.1062618857143,0.873576059142857,113.602857142857,20.2206583333333,-1,27.0878472222222,0.206500833333333,2.15417850676557,"2024-06-21T14:33:37Z","2024-06-24T05:33:37Z",63,"LabDiet 5008 3.56kcal/g",3.56,10,"Smad AdCreERT2/+","C57Bl/6","female",23,0,"Sable Systems: Promethion",NA,"BIDMC","none","Deepti_Ramachandran","1_2",79.1455996000001,7.43403,377.5355,502.9544,8,"Corncob","Weir","Igloo (Plastic)"
"50","CalR000171","1_3","Mouse","Whole Body","+/+","Dark",26.4,20.55,4.72,0.0466300097380051,2.82269235555556,113.277355457143,103.955326645714,0.901890006142857,144.325714285714,21.474325,-1,29.5906472222222,0.318480277777778,2.77606234581755,"2024-06-21T14:33:37Z","2024-06-24T05:33:37Z",63,"LabDiet 5008 3.56kcal/g",3.56,10,"Smad AdCreERT2/+","C57Bl/6","female",23,0,"Sable Systems: Promethion",NA,"BIDMC","none","Deepti_Ramachandran","1_3",101.6169248,11.46529,433.4686,582.937,8,"Corncob","Weir","Igloo (Plastic)"
"51","CalR000171","1_4","Mouse","Whole Body","AdCreERT2/+","Dark",26.5,21.09,4.36,0.0414282788468013,1.15413716666667,101.776105242857,87.8514193285714,0.847259798714286,104.634285714286,13.7504166666667,-1,20.6252805555555,0.214198888888889,1.11270888781987,"2024-06-21T14:33:37Z","2024-06-24T05:33:37Z",63,"LabDiet 5008 3.56kcal/g",3.56,10,"Smad AdCreERT2/+","C57Bl/6","female",23,0,"Sable Systems: Promethion",NA,"BIDMC","none","Deepti_Ramachandran","1_4",41.548938,7.71116,295.301,424.7889,8,"Corncob","Weir","Igloo (Plastic)"
"52","CalR000171","1_5","Mouse","Whole Body","AdCreERT2/+","Dark",27.8,22.24,4.34,0.0540974754082492,5.40859724444444,128.9821584,127.112977431429,0.974881977857143,150.494285714286,13.1580527777778,-1,21.4913944444444,0.593285,5.3544997690362,"2024-06-21T14:33:37Z","2024-06-24T05:33:37Z",63,"LabDiet 5008 3.56kcal/g",3.56,10,"Smad AdCreERT2/+","C57Bl/6","female",23,0,"Sable Systems: Promethion",NA,"BIDMC","none","Deepti_Ramachandran","1_5",194.7095008,21.35826,264.5517,427.4297,8,"Corncob","Weir","Igloo (Plastic)"
"53","CalR000171","1_7","Mouse","Whole Body","+/+","Dark",25.4,19.37,4.06,0.042523623895202,1.01209415555555,103.914631285714,91.8061816285714,0.878265226,96.7871428571429,15.1528666666667,-1,20.8787666666667,0.247730833333333,0.969570531660352,"2024-06-21T14:33:37Z","2024-06-24T05:33:37Z",63,"LabDiet 5008 3.56kcal/g",3.56,10,"Smad AdCreERT2/+","C57Bl/6","female",23,0,"Sable Systems: Promethion",NA,"BIDMC","none","Deepti_Ramachandran","1_7",36.4353895999999,8.91831,301.7001,411.3034,8,"Corncob","Weir","Igloo (Plastic)"
"54","CalR000171","1_8","Mouse","Whole Body","AdCreERT2/+","Dark",24.8,19.28,4.57,0.045611339542298,1.03058538888889,110.583566982857,101.096805625714,0.904633445,99.4142857142857,17.9617944444444,-1,23.3931972222222,0.340815277777778,0.98497404934659,"2024-06-21T14:33:37Z","2024-06-24T05:33:37Z",63,"LabDiet 5008 3.56kcal/g",3.56,10,"Smad AdCreERT2/+","C57Bl/6","female",23,0,"Sable Systems: Promethion",NA,"BIDMC","none","Deepti_Ramachandran","1_8",37.101074,12.26935,367.2727,468.6267,8,"Corncob","Weir","Igloo (Plastic)"
"55","CalR000171","2_25","Mouse","Whole Body","+/+","Dark",25.7,19.99,4.35,0.0499689742276936,2.08140542222222,120.229465833333,108.987449875,0.900620378611111,101.972222222222,15.8371611111111,-1,21.4333583333333,0.229447138888889,2.03143644799453,"2024-06-21T14:33:37Z","2024-06-24T05:33:37Z",63,"LabDiet 5008 3.56kcal/g",3.56,10,"Smad AdCreERT2/+","C57Bl/6","female",23,0,"Sable Systems: Promethion",NA,"BIDMC","none","Deepti_Ramachandran","2_25",74.2302364,8.373645,324.2119,426.9436,8,"Corncob","Weir","Igloo (Plastic)"
"56","CalR000171","2_26","Mouse","Whole Body","AdCreERT2/+","Dark",25,19.63,4.61,0.0475231007460017,1.18409852222222,114.48804775,101.985265016667,0.883944106805556,106.066666666667,18.7412833333333,-1,24.0085916666667,0.425716944444444,1.13657542147622,"2024-06-21T14:33:37Z","2024-06-24T05:33:37Z",63,"LabDiet 5008 3.56kcal/g",3.56,10,"Smad AdCreERT2/+","C57Bl/6","female",23,0,"Sable Systems: Promethion",NA,"BIDMC","none","Deepti_Ramachandran","2_26",42.9256256,14.75434,362.9874,462.5901,8,"Corncob","Weir","Igloo (Plastic)"
"57","CalR000171","2_27","Mouse","Whole Body","AdCreERT2/+","Dark",27.3,18.9,3.45,0.0468429249410774,2.75180484444444,112.272958183333,101.656369541667,0.902409905138889,127.830555555556,16.0701055555556,-1,24.1364722222222,0.320245277777778,2.70496191950337,"2024-06-21T14:33:37Z","2024-06-24T05:33:37Z",63,"LabDiet 5008 3.56kcal/g",3.56,10,"Smad AdCreERT2/+","C57Bl/6","female",23,0,"Sable Systems: Promethion",NA,"BIDMC","none","Deepti_Ramachandran","2_27",96.6343844,11.87739,292.8185,437.3401,8,"Corncob","Weir","Igloo (Plastic)"
"58","CalR000171","2_28","Mouse","Whole Body","+/+","Dark",21.4,17.19,3.63,0.0431208328777357,0.955480266666667,104.347957208333,93.4236540583333,0.88877527375,74.0375,9.89496944444444,-1,13.8288166666667,0.139370333333333,0.912359433788931,"2024-06-21T14:33:37Z","2024-06-24T05:33:37Z",63,"LabDiet 5008 3.56kcal/g",3.56,10,"Smad AdCreERT2/+","C57Bl/6","female",23,0,"Sable Systems: Promethion",NA,"BIDMC","none","Deepti_Ramachandran","2_28",35.6359916,5.017332,205.9072,276.3374,8,"Corncob","Weir","Igloo (Plastic)"
"59","CalR000171","2_29","Mouse","Whole Body","+/+","Dark",26.2,20.57,4.16,0.0502385621275252,1.12125067777778,121.890391916667,109.079080625,0.888309094027778,117.234722222222,15.0895638888889,-1,22.0693833333333,0.237808055555556,1.07101211565025,"2024-06-21T14:33:37Z","2024-06-24T05:33:37Z",63,"LabDiet 5008 3.56kcal/g",3.56,10,"Smad AdCreERT2/+","C57Bl/6","female",23,0,"Sable Systems: Promethion",NA,"BIDMC","none","Deepti_Ramachandran","2_29",41.1379716,8.60646,282.9147,412.0239,8,"Corncob","Weir","Igloo (Plastic)"
"60","CalR000171","2_30","Mouse","Whole Body","AdCreERT2/+","Dark",25.5,20.1,4.66,0.0565728883996212,1.68324216666667,135.892734166667,125.28585535,0.913378446111111,162.491666666667,24.2859361111111,-1,32.7264944444444,0.507100555555556,1.62666927826705,"2024-06-21T14:33:37Z","2024-06-24T05:33:37Z",63,"LabDiet 5008 3.56kcal/g",3.56,10,"Smad AdCreERT2/+","C57Bl/6","female",23,0,"Sable Systems: Promethion",NA,"BIDMC","none","Deepti_Ramachandran","2_30",61.9748296,18.58216,440.7859,590.4164,8,"Corncob","Weir","Igloo (Plastic)"
"61","CalR000213","1","Mouse","Whole Body","Cre","Light",31.1,22.74,8.81,0.0220648939699074,0.6053798575,54.4307862416667,45.4493653916667,0.832283339861111,79.3888888888889,12.0287722222222,-1,17.9086694444444,0.0663558333333333,0.583314963530092,"2025-06-17T06:36:35Z","2025-06-20T05:36:35Z",71,"ResearchDiet 60 kcal% Fat 5.21kcal/g",5.21,10,"GDF3KO","C57Bl/6","male",30,0,"Sable Systems: Promethion",NA,"BIDMC","Bima injection twice a week","Prasad_Kotikalapudi","1",21.79367487,2.38881,248.6464,369.0816,8,"Kiln-dried Pine Woodchip","Weir","None"
"62","CalR000213","10","Mouse","Whole Body","Control","Light",40.62,25.32,14.95,0.0270225044444444,0.455107248611111,67.5444931833333,52.5110344916667,0.772164651944444,109.802777777778,21.1247805555555,-1,28.5402694444444,0.0392130555555556,0.428084744166666,"2025-06-17T06:36:35Z","2025-06-20T05:36:35Z",71,"ResearchDiet 60 kcal% Fat 5.21kcal/g",5.21,10,"GDF3KO","C57Bl/6","male",30,0,"Sable Systems: Promethion",NA,"BIDMC","Bima injection twice a week","Prasad_Kotikalapudi","10",16.38386095,1.41167,444.9488,595.9844,8,"Kiln-dried Pine Woodchip","Weir","None"
"63","CalR000213","11","Mouse","Whole Body","Control","Light",42.85,24.82,17.95,0.0285182573611111,0.287613563611111,71.602952325,54.2783490333333,0.750008994861111,75.8013888888889,10.4598111111111,-1,16.4546166666667,0.0493504444444444,0.25909530625,"2025-06-17T06:36:35Z","2025-06-20T05:36:35Z",71,"ResearchDiet 60 kcal% Fat 5.21kcal/g",5.21,10,"GDF3KO","C57Bl/6","male",30,0,"Sable Systems: Promethion",NA,"BIDMC","Bima injection twice a week","Prasad_Kotikalapudi","11",10.35408829,1.776616,220.5893,344.5163,8,"Kiln-dried Pine Woodchip","Weir","None"
"64","CalR000213","12","Mouse","Whole Body","Cre","Light",38.75,24.51,14.09,0.0284848301041667,0.278518785,71.39025415,54.673570425,0.760953837361111,94.2958333333333,15.6661361111111,-1,22.7826138888889,0.085544,0.250033954895833,"2025-06-17T06:36:35Z","2025-06-20T05:36:35Z",71,"ResearchDiet 60 kcal% Fat 5.21kcal/g",5.21,10,"GDF3KO","C57Bl/6","male",30,0,"Sable Systems: Promethion",NA,"BIDMC","Bima injection twice a week","Prasad_Kotikalapudi","12",10.02667626,3.079584,331.8174,474.3023,8,"Kiln-dried Pine Woodchip","Weir","None"
"65","CalR000213","2","Mouse","Whole Body","Control","Light",45.85,27.35,18.38,0.0241131962847222,0.359675533888889,59.8282097,48.4406668916667,0.807679921666667,85.9611111111111,16.7850805555556,-1,22.9994138888889,0.0376006111111111,0.335562337604167,"2025-06-17T06:36:35Z","2025-06-20T05:36:35Z",71,"ResearchDiet 60 kcal% Fat 5.21kcal/g",5.21,10,"GDF3KO","C57Bl/6","male",30,0,"Sable Systems: Promethion",NA,"BIDMC","Bima injection twice a week","Prasad_Kotikalapudi","2",12.94831922,1.353622,359.2789,487.5293,8,"Kiln-dried Pine Woodchip","Weir","None"
"66","CalR000213","3","Mouse","Whole Body","Control","Light",42.55,25.92,17.37,0.0233145176273148,0.38162208,58.13252955,45.8172820333333,0.782406362361111,95.2472222222222,17.4839611111111,-1,24.74855,0.0442206111111111,0.358307562372685,"2025-06-17T06:36:35Z","2025-06-20T05:36:35Z",71,"ResearchDiet 60 kcal% Fat 5.21kcal/g",5.21,10,"GDF3KO","C57Bl/6","male",30,0,"Sable Systems: Promethion",NA,"BIDMC","Bima injection twice a week","Prasad_Kotikalapudi","3",13.73839488,1.591942,353.7749,499.381,8,"Kiln-dried Pine Woodchip","Weir","None"
"67","CalR000213","4","Mouse","Whole Body","Cre","Light",35.25,22.8,12.33,0.0229632949768519,0.315420057222222,57.554575075,44.065963975,0.760938964583333,95.4402777777778,21.0790027777778,-1,28.7217027777778,0.0468272777777778,0.29245676224537,"2025-06-17T06:36:35Z","2025-06-20T05:36:35Z",71,"ResearchDiet 60 kcal% Fat 5.21kcal/g",5.21,10,"GDF3KO","C57Bl/6","male",30,0,"Sable Systems: Promethion",NA,"BIDMC","Bima injection twice a week","Prasad_Kotikalapudi","4",11.35512206,1.685782,444.4245,604.2422,8,"Kiln-dried Pine Woodchip","Weir","None"
"68","CalR000213","5","Mouse","Whole Body","Cre","Light",44.7,23.77,22.04,0.0208248340729167,0.274991325555555,52.1136957916667,40.25129815,0.768282015555556,77.2138888888889,16.7778527777778,-1,22.7864611111111,0.0895318333333334,0.254166491482639,"2025-06-17T06:36:35Z","2025-06-20T05:36:35Z",71,"ResearchDiet 60 kcal% Fat 5.21kcal/g",5.21,10,"GDF3KO","C57Bl/6","male",30,0,"Sable Systems: Promethion",NA,"BIDMC","Bima injection twice a week","Prasad_Kotikalapudi","5",9.89968772,3.223146,356.4072,481.6716,8,"Kiln-dried Pine Woodchip","Weir","None"
"69","CalR000213","6","Mouse","Whole Body","Control","Light",53.2,27.14,26.22,0.0234287292476852,0.306440332777778,58.6586255833333,45.1818335916667,0.766874851805556,63.5402777777778,15.387025,-1,20.4278194444444,0.0758305,0.283011603530093,"2025-06-17T06:36:35Z","2025-06-20T05:36:35Z",71,"ResearchDiet 60 kcal% Fat 5.21kcal/g",5.21,10,"GDF3KO","C57Bl/6","male",30,0,"Sable Systems: Promethion",NA,"BIDMC","Bima injection twice a week","Prasad_Kotikalapudi","6",11.03185198,2.729898,298.881,400.5344,8,"Kiln-dried Pine Woodchip","Weir","None"
"70","CalR000213","7","Mouse","Whole Body","Control","Light",49.3,28.11,20.79,0.0289348978009259,0.359413876111111,72.4432471333333,55.8046448583333,0.762502085138889,112.127777777778,25.5906472222222,-1,33.1975055555556,0.0722083055555556,0.330478978310185,"2025-06-17T06:36:35Z","2025-06-20T05:36:35Z",71,"ResearchDiet 60 kcal% Fat 5.21kcal/g",5.21,10,"GDF3KO","C57Bl/6","male",30,0,"Sable Systems: Promethion",NA,"BIDMC","Bima injection twice a week","Prasad_Kotikalapudi","7",12.93889954,2.599499,521.3409,673.8563,8,"Kiln-dried Pine Woodchip","Weir","None"
"71","CalR000213","8","Mouse","Whole Body","Cre","Light",38.9,23.63,14.66,0.02345164,0.358176790555556,58.5002532333333,45.994739975,0.781707703611111,82.4611111111111,16.7129444444444,-1,23.2518416666667,0.0697573055555556,0.334725150555556,"2025-06-17T06:36:35Z","2025-06-20T05:36:35Z",71,"ResearchDiet 60 kcal% Fat 5.21kcal/g",5.21,10,"GDF3KO","C57Bl/6","male",30,0,"Sable Systems: Promethion",NA,"BIDMC","Bima injection twice a week","Prasad_Kotikalapudi","8",12.89436446,2.511263,344.507,475.815,8,"Kiln-dried Pine Woodchip","Weir","None"
"72","CalR000213","9","Mouse","Whole Body","Cre","Light",42.7,24.85,17.72,0.0243534947106482,0.353343357777778,60.6580737333333,48.090839,0.78752361125,57.3402777777778,20.1177333333333,-1,25.8377,0.0657489166666667,0.32898986306713,"2025-06-17T06:36:35Z","2025-06-20T05:36:35Z",71,"ResearchDiet 60 kcal% Fat 5.21kcal/g",5.21,10,"GDF3KO","C57Bl/6","male",30,0,"Sable Systems: Promethion",NA,"BIDMC","Bima injection twice a week","Prasad_Kotikalapudi","9",12.72036088,2.366961,431.0775,549.5953,8,"Kiln-dried Pine Woodchip","Weir","None"
"73","CalR000213","1","Mouse","Whole Body","Cre","Full day",31.1,22.74,8.81,0.0114675236089724,0.678507851666667,56.7956115295775,46.6250831873239,0.819370959507042,90.0845070422535,8.25837083333333,-1,12.2482527777778,0.0749559861111111,0.667040328057694,"2025-06-17T06:36:35Z","2025-06-20T05:36:35Z",71,"ResearchDiet 60 kcal% Fat 5.21kcal/g",5.21,10,"GDF3KO","C57Bl/6","male",30,0,"Sable Systems: Promethion",NA,"BIDMC","Bima injection twice a week","Prasad_Kotikalapudi","1",48.85256532,5.396831,277.4608,412.7009,8,"Kiln-dried Pine Woodchip","Weir","None"
"74","CalR000213","10","Mouse","Whole Body","Control","Full day",40.62,25.32,14.95,0.0146093123821206,0.613328001944444,73.0473354422535,56.6900836394366,0.770958859929577,134.694366197183,15.8511833333333,-1,21.0243527777778,0.03974575,0.598718689562324,"2025-06-17T06:36:35Z","2025-06-20T05:36:35Z",71,"ResearchDiet 60 kcal% Fat 5.21kcal/g",5.21,10,"GDF3KO","C57Bl/6","male",30,0,"Sable Systems: Promethion",NA,"BIDMC","Bima injection twice a week","Prasad_Kotikalapudi","10",44.15961614,2.861694,559.6613,744.2994,8,"Kiln-dried Pine Woodchip","Weir","None"
"75","CalR000213","11","Mouse","Whole Body","Control","Full day",42.85,24.82,17.95,0.0160521343142361,0.432672120277778,80.677390271831,61.0720395211268,0.750385046478873,100.193661971831,7.65515555555556,-1,11.9322125,0.0634542916666667,0.416619985963542,"2025-06-17T06:36:35Z","2025-06-20T05:36:35Z",71,"ResearchDiet 60 kcal% Fat 5.21kcal/g",5.21,10,"GDF3KO","C57Bl/6","male",30,0,"Sable Systems: Promethion",NA,"BIDMC","Bima injection twice a week","Prasad_Kotikalapudi","11",31.15239266,4.568709,262.1631,412.9819,8,"Kiln-dried Pine Woodchip","Weir","None"
"76","CalR000213","12","Mouse","Whole Body","Cre","Full day",38.75,24.51,14.09,0.0161414059642965,0.71173354125,80.9662122295775,61.7927395225352,0.759029350704225,122.793661971831,12.1356847222222,-1,17.1627055555556,0.100230583333333,0.695592135285704,"2025-06-17T06:36:35Z","2025-06-20T05:36:35Z",71,"ResearchDiet 60 kcal% Fat 5.21kcal/g",5.21,10,"GDF3KO","C57Bl/6","male",30,0,"Sable Systems: Promethion",NA,"BIDMC","Bima injection twice a week","Prasad_Kotikalapudi","12",51.24481497,7.216602,423.4806,597.7246,8,"Kiln-dried Pine Woodchip","Weir","None"
"77","CalR000213","2","Mouse","Whole Body","Control","Full day",45.85,27.35,18.38,0.0137572846781904,0.70391854125,68.4278683352113,54.5829003760563,0.79850934471831,119.820422535211,12.7554888888889,-1,17.2751472222222,0.0558099444444444,0.690161256571809,"2025-06-17T06:36:35Z","2025-06-20T05:36:35Z",71,"ResearchDiet 60 kcal% Fat 5.21kcal/g",5.21,10,"GDF3KO","C57Bl/6","male",30,0,"Sable Systems: Promethion",NA,"BIDMC","Bima injection twice a week","Prasad_Kotikalapudi","2",50.68213497,4.018316,448.0712,608.7337,8,"Kiln-dried Pine Woodchip","Weir","None"
"78","CalR000213","3","Mouse","Whole Body","Control","Full day",42.55,25.92,17.37,0.013245375322187,0.440783800833333,66.1581551112676,51.8631322225352,0.780395914295775,124.916197183099,13.0267291666667,-1,18.2237763888889,0.0626358888888889,0.427538425511146,"2025-06-17T06:36:35Z","2025-06-20T05:36:35Z",71,"ResearchDiet 60 kcal% Fat 5.21kcal/g",5.21,10,"GDF3KO","C57Bl/6","male",30,0,"Sable Systems: Promethion",NA,"BIDMC","Bima injection twice a week","Prasad_Kotikalapudi","3",31.73643366,4.509784,451.0523,635.2784,8,"Kiln-dried Pine Woodchip","Weir","None"
"79","CalR000213","4","Mouse","Whole Body","Cre","Full day",35.25,22.8,12.33,0.0136008488446055,0.357473512916667,68.3921311943662,51.5936213957746,0.751229437957746,139.434507042254,16.1929361111111,-1,21.7949083333333,0.0617361527777778,0.343872664072061,"2025-06-17T06:36:35Z","2025-06-20T05:36:35Z",71,"ResearchDiet 60 kcal% Fat 5.21kcal/g",5.21,10,"GDF3KO","C57Bl/6","male",30,0,"Sable Systems: Promethion",NA,"BIDMC","Bima injection twice a week","Prasad_Kotikalapudi","4",25.73809293,4.445003,553.037,748.2859,8,"Kiln-dried Pine Woodchip","Weir","None"
"80","CalR000213","5","Mouse","Whole Body","Cre","Full day",44.7,23.77,22.04,0.011476470828515,0.330257196527778,57.5472817394366,44.0325102126761,0.763561748169014,106.91338028169,12.5045652777778,-1,16.8727944444444,0.100763291666667,0.318780725699263,"2025-06-17T06:36:35Z","2025-06-20T05:36:35Z",71,"ResearchDiet 60 kcal% Fat 5.21kcal/g",5.21,10,"GDF3KO","C57Bl/6","male",30,0,"Sable Systems: Promethion",NA,"BIDMC","Bima injection twice a week","Prasad_Kotikalapudi","5",23.77851815,7.254957,427.8332,583.4718,8,"Kiln-dried Pine Woodchip","Weir","None"
"81","CalR000213","6","Mouse","Whole Body","Control","Full day",53.2,27.14,26.22,0.012990245527501,0.352782197361111,65.1389522915493,49.6371312169014,0.759919872253521,83.3640845070423,11.0719541666667,-1,14.6871722222222,0.0918578611111111,0.33979195183361,"2025-06-17T06:36:35Z","2025-06-20T05:36:35Z",71,"ResearchDiet 60 kcal% Fat 5.21kcal/g",5.21,10,"GDF3KO","C57Bl/6","male",30,0,"Sable Systems: Promethion",NA,"BIDMC","Bima injection twice a week","Prasad_Kotikalapudi","6",25.40031821,6.613766,370.55,499.2889,8,"Kiln-dried Pine Woodchip","Weir","None"
"82","CalR000213","7","Mouse","Whole Body","Control","Full day",49.3,28.11,20.79,0.0165093427601651,0.652128102083333,82.7821755591549,63.3204793014084,0.760786567253521,142.38661971831,18.5307125,-1,23.9222569444444,0.0964391805555556,0.635618759323168,"2025-06-17T06:36:35Z","2025-06-20T05:36:35Z",71,"ResearchDiet 60 kcal% Fat 5.21kcal/g",5.21,10,"GDF3KO","C57Bl/6","male",30,0,"Sable Systems: Promethion",NA,"BIDMC","Bima injection twice a week","Prasad_Kotikalapudi","7",46.95322335,6.943621,659.05,848.6493,8,"Kiln-dried Pine Woodchip","Weir","None"
"83","CalR000213","8","Mouse","Whole Body","Cre","Full day",38.9,23.63,14.66,0.0131159297488929,0.479066519027778,65.6344937535211,50.7894949647887,0.772163113661972,106.51338028169,11.7687180555555,-1,16.3605,0.0868596111111111,0.465950589278885,"2025-06-17T06:36:35Z","2025-06-20T05:36:35Z",71,"ResearchDiet 60 kcal% Fat 5.21kcal/g",5.21,10,"GDF3KO","C57Bl/6","male",30,0,"Sable Systems: Promethion",NA,"BIDMC","Bima injection twice a week","Prasad_Kotikalapudi","8",34.49278937,6.253892,392.2604,548.2578,8,"Kiln-dried Pine Woodchip","Weir","None"
"84","CalR000213","9","Mouse","Whole Body","Cre","Full day",42.7,24.85,17.72,0.0140192855969455,1.07764790541667,70.0747723352113,54.7375731422535,0.777624112816901,85.4147887323944,15.3710888888889,-1,19.5514180555556,0.0860919583333333,1.06362861981972,"2025-06-17T06:36:35Z","2025-06-20T05:36:35Z",71,"ResearchDiet 60 kcal% Fat 5.21kcal/g",5.21,10,"GDF3KO","C57Bl/6","male",30,0,"Sable Systems: Promethion",NA,"BIDMC","Bima injection twice a week","Prasad_Kotikalapudi","9",77.59064919,6.198621,514.1811,659.7459,8,"Kiln-dried Pine Woodchip","Weir","None"
"85","CalR000213","1","Mouse","Whole Body","Cre","Dark",31.1,22.74,8.81,0.0237991667676768,0.751635845833333,59.2280032542857,47.83439292,0.806089654,101.085714285714,16.5167416666667,-1,24.4965055555556,0.0835561388888889,0.727836679065657,"2025-06-17T06:36:35Z","2025-06-20T05:36:35Z",71,"ResearchDiet 60 kcal% Fat 5.21kcal/g",5.21,10,"GDF3KO","C57Bl/6","male",30,0,"Sable Systems: Promethion",NA,"BIDMC","Bima injection twice a week","Prasad_Kotikalapudi","1",27.05889045,3.008021,277.4608,412.7009,8,"Kiln-dried Pine Woodchip","Weir","None"
"86","CalR000213","10","Mouse","Whole Body","Control","Dark",40.62,25.32,14.95,0.0314987907344276,0.771548755277778,78.7074017657143,60.9885341914286,0.769718616714286,160.297142857143,31.7023666666667,-1,42.0487055555556,0.0402784444444444,0.74004996454335,"2025-06-17T06:36:35Z","2025-06-20T05:36:35Z",71,"ResearchDiet 60 kcal% Fat 5.21kcal/g",5.21,10,"GDF3KO","C57Bl/6","male",30,0,"Sable Systems: Promethion",NA,"BIDMC","Bima injection twice a week","Prasad_Kotikalapudi","10",27.77575519,1.450024,559.6613,744.2994,8,"Kiln-dried Pine Woodchip","Weir","None"
"87","CalR000213","11","Mouse","Whole Body","Control","Dark",42.85,24.82,17.95,0.0357959416708754,0.577730676944444,90.0110978742857,68.0598354514286,0.750771842428571,125.282857142857,15.3103111111111,-1,23.864425,0.0775581388888889,0.541934735273569,"2025-06-17T06:36:35Z","2025-06-20T05:36:35Z",71,"ResearchDiet 60 kcal% Fat 5.21kcal/g",5.21,10,"GDF3KO","C57Bl/6","male",30,0,"Sable Systems: Promethion",NA,"BIDMC","Bima injection twice a week","Prasad_Kotikalapudi","11",20.79830437,2.792093,262.1631,412.9819,8,"Kiln-dried Pine Woodchip","Weir","None"
"88","CalR000213","12","Mouse","Whole Body","Cre","Dark",38.75,24.51,14.09,0.0362216955702862,1.1449482975,90.8157691114286,69.1153134514286,0.757049878714286,152.105714285714,24.2713694444444,-1,34.3254111111111,0.114917166666667,1.10872660192971,"2025-06-17T06:36:35Z","2025-06-20T05:36:35Z",71,"ResearchDiet 60 kcal% Fat 5.21kcal/g",5.21,10,"GDF3KO","C57Bl/6","male",30,0,"Sable Systems: Promethion",NA,"BIDMC","Bima injection twice a week","Prasad_Kotikalapudi","12",41.21813871,4.137018,423.4806,597.7246,8,"Kiln-dried Pine Woodchip","Weir","None"
"89","CalR000213","2","Mouse","Whole Body","Control","Dark",45.85,27.35,18.38,0.0310470641729798,1.04816154861111,77.2732315028571,60.9006262457143,0.789076751285714,154.647142857143,25.5109777777778,-1,34.5502944444444,0.0740192777777778,1.01711448443813,"2025-06-17T06:36:35Z","2025-06-20T05:36:35Z",71,"ResearchDiet 60 kcal% Fat 5.21kcal/g",5.21,10,"GDF3KO","C57Bl/6","male",30,0,"Sable Systems: Promethion",NA,"BIDMC","Bima injection twice a week","Prasad_Kotikalapudi","2",37.73381575,2.664694,448.0712,608.7337,8,"Kiln-dried Pine Woodchip","Weir","None"
"90","CalR000213","3","Mouse","Whole Body","Control","Dark",42.55,25.92,17.37,0.0298150646127946,0.499945521666667,74.41308426,58.0817209885714,0.778328024857143,155.432857142857,26.0534583333333,-1,36.4475527777778,0.0810511666666666,0.470130457053872,"2025-06-17T06:36:35Z","2025-06-20T05:36:35Z",71,"ResearchDiet 60 kcal% Fat 5.21kcal/g",5.21,10,"GDF3KO","C57Bl/6","male",30,0,"Sable Systems: Promethion",NA,"BIDMC","Bima injection twice a week","Prasad_Kotikalapudi","3",17.99803878,2.917842,451.0523,635.2784,8,"Kiln-dried Pine Woodchip","Weir","None"
"91","CalR000213","4","Mouse","Whole Body","Cre","Dark",35.25,22.8,12.33,0.0315493859427609,0.399526968611111,79.5393317742857,59.3363547428571,0.741242496285714,184.685714285714,32.3858722222222,-1,43.5898166666667,0.0766450277777778,0.36797758266835,"2025-06-17T06:36:35Z","2025-06-20T05:36:35Z",71,"ResearchDiet 60 kcal% Fat 5.21kcal/g",5.21,10,"GDF3KO","C57Bl/6","male",30,0,"Sable Systems: Promethion",NA,"BIDMC","Bima injection twice a week","Prasad_Kotikalapudi","4",14.38297087,2.759221,553.037,748.2859,8,"Kiln-dried Pine Woodchip","Weir","None"
"92","CalR000213","5","Mouse","Whole Body","Cre","Dark",44.7,23.77,22.04,0.0251683717340067,0.3855230675,63.136113,47.9217569057143,0.758706616,137.461428571429,25.0091305555556,-1,33.7455888888889,0.11199475,0.360354695765993,"2025-06-17T06:36:35Z","2025-06-20T05:36:35Z",71,"ResearchDiet 60 kcal% Fat 5.21kcal/g",5.21,10,"GDF3KO","C57Bl/6","male",30,0,"Sable Systems: Promethion",NA,"BIDMC","Bima injection twice a week","Prasad_Kotikalapudi","5",13.87883043,4.031811,427.8332,583.4718,8,"Kiln-dried Pine Woodchip","Weir","None"
"93","CalR000213","6","Mouse","Whole Body","Control","Dark",53.2,27.14,26.22,0.0286424844128788,0.399124061944445,71.8044311914286,54.21972306,0.752766179,103.754285714286,22.1439083333333,-1,29.3743444444444,0.107885222222222,0.370481577531566,"2025-06-17T06:36:35Z","2025-06-20T05:36:35Z",71,"ResearchDiet 60 kcal% Fat 5.21kcal/g",5.21,10,"GDF3KO","C57Bl/6","male",30,0,"Sable Systems: Promethion",NA,"BIDMC","Bima injection twice a week","Prasad_Kotikalapudi","6",14.36846623,3.883868,370.55,499.2889,8,"Kiln-dried Pine Woodchip","Weir","None"
"94","CalR000213","7","Mouse","Whole Body","Control","Dark",49.3,28.11,20.79,0.0372584694318182,0.944842328055556,93.41650194,71.0510518714286,0.759022034571429,173.51,37.061425,-1,47.8445138888889,0.120670055555556,0.907583858623738,"2025-06-17T06:36:35Z","2025-06-20T05:36:35Z",71,"ResearchDiet 60 kcal% Fat 5.21kcal/g",5.21,10,"GDF3KO","C57Bl/6","male",30,0,"Sable Systems: Promethion",NA,"BIDMC","Bima injection twice a week","Prasad_Kotikalapudi","7",34.01432381,4.344122,659.05,848.6493,8,"Kiln-dried Pine Woodchip","Weir","None"
"95","CalR000213","8","Mouse","Whole Body","Cre","Dark",38.9,23.63,14.66,0.0291075368129209,0.5999562475,72.9725697171429,55.7212429542857,0.762345821142857,131.252857142857,23.5374361111111,-1,32.721,0.103961916666667,0.570848710687079,"2025-06-17T06:36:35Z","2025-06-20T05:36:35Z",71,"ResearchDiet 60 kcal% Fat 5.21kcal/g",5.21,10,"GDF3KO","C57Bl/6","male",30,0,"Sable Systems: Promethion",NA,"BIDMC","Bima injection twice a week","Prasad_Kotikalapudi","8",21.59842491,3.742629,392.2604,548.2578,8,"Kiln-dried Pine Woodchip","Weir","None"
"96","CalR000213","9","Mouse","Whole Body","Cre","Dark",42.7,24.85,17.72,0.0318152103903619,1.80195245305556,79.7605194685714,61.5742139742857,0.767441771571429,114.291428571429,30.7421777777778,-1,39.1028361111111,0.106435,1.77013724266519,"2025-06-17T06:36:35Z","2025-06-20T05:36:35Z",71,"ResearchDiet 60 kcal% Fat 5.21kcal/g",5.21,10,"GDF3KO","C57Bl/6","male",30,0,"Sable Systems: Promethion",NA,"BIDMC","Bima injection twice a week","Prasad_Kotikalapudi","9",64.87028831,3.83166,514.1811,659.7459,8,"Kiln-dried Pine Woodchip","Weir","None"
"97","CalR000171","1_1","Mouse","Whole Body","AdCreERT2/+","Light",24.5,19.96,3.32,0.0692835848350695,0.449834183333334,161.640936891892,140.742330810811,0.861523309054054,94.5256756756757,11.5959770833333,-1,19.1876979166667,0.14159725,0.380550598498264,"2024-06-18T06:33:37Z","2024-06-21T07:33:37Z",73,"LabDiet 5008 3.56kcal/g",3.56,10,"Smad AdCreERT2/+","C57Bl/6","female",4,0,"Sable Systems: Promethion",NA,"BIDMC","none","Deepti_Ramachandran","1_1",21.5920408,6.796668,231.8337,382.3189,8,"Corncob","Weir","Igloo (Plastic)"
"98","CalR000171","1_10","Mouse","Whole Body","+/+","Light",22.6,18.94,3.33,0.0700895215538194,0.7464352125,171.05650354054,146.785824486486,0.855207247297297,74.9662162162162,14.9051020833333,-1,22.1556291666667,0.0798980833333334,0.676345690946181,"2024-06-18T06:33:37Z","2024-06-21T07:33:37Z",73,"LabDiet 5008 3.56kcal/g",3.56,10,"Smad AdCreERT2/+","C57Bl/6","female",4,0,"Sable Systems: Promethion",NA,"BIDMC","none","Deepti_Ramachandran","1_10",35.8288902,3.835108,310.6235,451.4279,8,"Corncob","Weir","Igloo (Plastic)"
"99","CalR000171","1_11","Mouse","Whole Body","AdCreERT2/+","Light",26.2,20.76,4.15,0.0734437332638889,0.845009535833333,180.683743702703,161.618615189189,0.891360014054054,75.8864864864865,16.0169354166667,-1,21.7105541666667,0.0567506666666667,0.771565802569445,"2024-06-18T06:33:37Z","2024-06-21T07:33:37Z",73,"LabDiet 5008 3.56kcal/g",3.56,10,"Smad AdCreERT2/+","C57Bl/6","female",4,0,"Sable Systems: Promethion",NA,"BIDMC","none","Deepti_Ramachandran","1_11",40.56045772,2.724032,295.2639,401.9098,8,"Corncob","Weir","Igloo (Plastic)"
"100","CalR000171","1_12","Mouse","Whole Body","+/+","Light",24.6,18.14,5.99,0.0765979762326389,0.576872264166667,177.496734162162,156.125957189189,0.876120155810811,81.5148648648649,11.7517395833333,-1,18.7392666666667,0.0993906875,0.500274287934028,"2024-06-18T06:33:37Z","2024-06-21T07:33:37Z",73,"LabDiet 5008 3.56kcal/g",3.56,10,"Smad AdCreERT2/+","C57Bl/6","female",4,0,"Sable Systems: Promethion",NA,"BIDMC","none","Deepti_Ramachandran","1_12",27.68986868,4.770753,258.9438,408.8746,8,"Corncob","Weir","Igloo (Plastic)"
"101","CalR000171","1_13","Mouse","Whole Body","+/+","Light",25.7,20.82,3.93,0.0752806205381944,0.528221378333333,178.124213108108,159.536693351351,0.89233242527027,85.8027027027027,18.69061875,-1,26.4313083333333,0.0925911041666666,0.452940757795139,"2024-06-18T06:33:37Z","2024-06-21T07:33:37Z",73,"LabDiet 5008 3.56kcal/g",3.56,10,"Smad AdCreERT2/+","C57Bl/6","female",4,0,"Sable Systems: Promethion",NA,"BIDMC","none","Deepti_Ramachandran","1_13",25.35462616,4.444373,387.9615,548.2192,8,"Corncob","Weir","Igloo (Plastic)"
"102","CalR000171","1_14","Mouse","Whole Body","AdCreERT2/+","Light",24.7,19.64,4.18,0.07714115328125,0.694145635833334,177.523349594595,162.717030648649,0.913732469459459,100.681081081081,11.3555666666667,-1,20.5077479166667,0.1272945,0.617004482552084,"2024-06-18T06:33:37Z","2024-06-21T07:33:37Z",73,"LabDiet 5008 3.56kcal/g",3.56,10,"Smad AdCreERT2/+","C57Bl/6","female",4,0,"Sable Systems: Promethion",NA,"BIDMC","none","Deepti_Ramachandran","1_14",33.31899052,6.110136,245.4491,432.4216,8,"Corncob","Weir","Igloo (Plastic)"
"103","CalR000171","1_15","Mouse","Whole Body","AdCreERT2/+","Light",24.8,19.8,3.84,0.0815512285416667,0.941862005833334,184.978764810811,172.914394378378,0.933707806756757,93.4743243243243,17.8011954166667,-1,25.55789375,0.128230791666667,0.860310777291667,"2024-06-18T06:33:37Z","2024-06-21T07:33:37Z",73,"LabDiet 5008 3.56kcal/g",3.56,10,"Smad AdCreERT2/+","C57Bl/6","female",4,0,"Sable Systems: Promethion",NA,"BIDMC","none","Deepti_Ramachandran","1_15",45.20937628,6.155078,365.83517,524.6597,8,"Corncob","Weir","Igloo (Plastic)"
"104","CalR000171","1_16","Mouse","Whole Body","+/+","Light",27.3,20.69,5.9,0.0780819161197917,0.716856655833333,189.326590378378,168.244055108108,0.883827896756757,63.1932432432432,11.2633833333333,-1,17.19054375,0.14351175,0.638774739713542,"2024-06-18T06:33:37Z","2024-06-21T07:33:37Z",73,"LabDiet 5008 3.56kcal/g",3.56,10,"Smad AdCreERT2/+","C57Bl/6","female",4,0,"Sable Systems: Promethion",NA,"BIDMC","none","Deepti_Ramachandran","1_16",34.40911948,6.888564,229.2906,360.5929,8,"Corncob","Weir","Igloo (Plastic)"
"105","CalR000171","1_2","Mouse","Whole Body","+/+","Light",28.8,22.56,4.94,0.0761776769010417,1.18913441416667,175.458287837838,156.688931513513,0.889796163243243,86.8256756756757,11.8200270833333,-1,18.1915208333333,0.0855052291666668,1.11295673726563,"2024-06-18T06:33:37Z","2024-06-21T07:33:37Z",73,"LabDiet 5008 3.56kcal/g",3.56,10,"Smad AdCreERT2/+","C57Bl/6","female",4,0,"Sable Systems: Promethion",NA,"BIDMC","none","Deepti_Ramachandran","1_2",57.07845188,4.104251,229.9743,362.7979,8,"Corncob","Weir","Igloo (Plastic)"
"106","CalR000171","1_3","Mouse","Whole Body","+/+","Light",26.4,20.55,4.72,0.0798374229774306,0.821328786666666,189.771506756757,166.233862945946,0.870817497432432,99.8918918918919,18.0876604166667,-1,26.129075,0.1705785625,0.741491363689236,"2024-06-18T06:33:37Z","2024-06-21T07:33:37Z",73,"LabDiet 5008 3.56kcal/g",3.56,10,"Smad AdCreERT2/+","C57Bl/6","female",4,0,"Sable Systems: Promethion",NA,"BIDMC","none","Deepti_Ramachandran","1_3",39.42378176,8.187771,359.8426,516.9005,8,"Corncob","Weir","Igloo (Plastic)"
"107","CalR000171","1_4","Mouse","Whole Body","AdCreERT2/+","Light",26.5,21.09,4.36,0.0701923957638889,0.7257333675,168.407073810811,149.349290594595,0.883822476756757,63.6067567567568,9.07181875,-1,15.2834541666667,0.0656028125,0.655540971736111,"2024-06-18T06:33:37Z","2024-06-21T07:33:37Z",73,"LabDiet 5008 3.56kcal/g",3.56,10,"Smad AdCreERT2/+","C57Bl/6","female",4,0,"Sable Systems: Promethion",NA,"BIDMC","none","Deepti_Ramachandran","1_4",34.83520164,3.148935,177.51115,301.8926,8,"Corncob","Weir","Igloo (Plastic)"
"108","CalR000171","1_5","Mouse","Whole Body","AdCreERT2/+","Light",27.8,22.24,4.34,0.0862495642100694,0.89444555,201.564934216216,178.058204432432,0.880668804054054,96.672972972973,12.4541520833333,-1,20.2192583333333,0.168130166666667,0.808195985789931,"2024-06-18T06:33:37Z","2024-06-21T07:33:37Z",73,"LabDiet 5008 3.56kcal/g",3.56,10,"Smad AdCreERT2/+","C57Bl/6","female",4,0,"Sable Systems: Promethion",NA,"BIDMC","none","Deepti_Ramachandran","1_5",42.9333864,8.070248,239.1915,394.152,8,"Corncob","Weir","Igloo (Plastic)"
"109","CalR000171","1_6","Mouse","Whole Body","+/+","Light",24.7,20.26,3.77,0.0740175929079861,1.73978683333333,179.62349845946,161.513545459459,0.896878904594595,105.933783783784,11.5790866666667,-1,19.5042125,0.1128738125,1.66576924042535,"2024-06-18T06:33:37Z","2024-06-21T07:33:37Z",73,"LabDiet 5008 3.56kcal/g",3.56,10,"Smad AdCreERT2/+","C57Bl/6","female",4,0,"Sable Systems: Promethion",NA,"BIDMC","none","Deepti_Ramachandran","1_6",83.509768,5.417943,216.90529,370.3693,8,"Corncob","Weir","Igloo (Plastic)"
"110","CalR000171","1_7","Mouse","Whole Body","+/+","Light",25.4,19.37,4.06,0.0756106092100694,0.848794631666666,178.464034783784,158.243277891892,0.883307289594595,76.6905405405405,14.2843920833333,-1,19.6798395833333,0.154988416666667,0.773184022456597,"2024-06-18T06:33:37Z","2024-06-21T07:33:37Z",73,"LabDiet 5008 3.56kcal/g",3.56,10,"Smad AdCreERT2/+","C57Bl/6","female",4,0,"Sable Systems: Promethion",NA,"BIDMC","none","Deepti_Ramachandran","1_7",40.74214232,7.439444,271.11723,374.6665,8,"Corncob","Weir","Igloo (Plastic)"
"111","CalR000171","1_8","Mouse","Whole Body","AdCreERT2/+","Light",24.8,19.28,4.57,0.0784431611979167,0.739282505,181.656139945946,159.539335621622,0.87476331527027,83.7121621621622,14.5032541666667,-1,21.2818208333333,0.137398229166667,0.660839343802083,"2024-06-18T06:33:37Z","2024-06-21T07:33:37Z",73,"LabDiet 5008 3.56kcal/g",3.56,10,"Smad AdCreERT2/+","C57Bl/6","female",4,0,"Sable Systems: Promethion",NA,"BIDMC","none","Deepti_Ramachandran","1_8",35.48556024,6.595115,321.1433,463.4666,8,"Corncob","Weir","Igloo (Plastic)"
"112","CalR000171","2_25","Mouse","Whole Body","+/+","Light",25.7,19.99,4.35,0.0788155163541667,0.5763695625,187.69164527027,162.063199864865,0.858311032297297,123.310810810811,13.7392041666667,-1,22.8862979166667,0.0341151041666667,0.497554046145833,"2024-06-18T06:33:37Z","2024-06-21T07:33:37Z",73,"LabDiet 5008 3.56kcal/g",3.56,10,"Smad AdCreERT2/+","C57Bl/6","female",4,0,"Sable Systems: Promethion",NA,"BIDMC","none","Deepti_Ramachandran","2_25",25.8995162,1.106533,269.1499,444.425,8,"Corncob","Weir","Igloo (Plastic)"
"113","CalR000171","2_26","Mouse","Whole Body","AdCreERT2/+","Light",25,19.63,4.61,0.0730716990451389,0.602574203333333,178.796353297297,153.081378648649,0.852514391756757,78.9797297297297,13.3428375,-1,19.56785,0.111982604166667,0.529502504288194,"2024-06-18T06:33:37Z","2024-06-21T07:33:37Z",73,"LabDiet 5008 3.56kcal/g",3.56,10,"Smad AdCreERT2/+","C57Bl/6","female",4,0,"Sable Systems: Promethion",NA,"BIDMC","none","Deepti_Ramachandran","2_26",31.36239672,5.542054,282.6191,411.0245,8,"Corncob","Weir","Igloo (Plastic)"
"114","CalR000171","2_27","Mouse","Whole Body","AdCreERT2/+","Light",27.3,18.9,3.45,0.072409811171875,0.463134269166667,178.639342378378,156.188807837838,0.871624723243243,83.2918918918919,14.7418191666667,-1,22.9224208333333,0.11437475,0.390724457994792,"2024-06-18T06:33:37Z","2024-06-21T07:33:37Z",73,"LabDiet 5008 3.56kcal/g",3.56,10,"Smad AdCreERT2/+","C57Bl/6","female",4,0,"Sable Systems: Promethion",NA,"BIDMC","none","Deepti_Ramachandran","2_27",21.70603912,5.630153,304.18113,462.946,8,"Corncob","Weir","Igloo (Plastic)"
"115","CalR000171","2_28","Mouse","Whole Body","+/+","Light",21.4,17.19,3.63,0.0640281743142361,0.6395996125,156.542676081081,132.412473891892,0.843260434459459,82.1283783783784,10.5294895833333,-1,16.5600354166667,0.0109088625,0.575571438185764,"2024-06-18T06:33:37Z","2024-06-21T07:33:37Z",73,"LabDiet 5008 3.56kcal/g",3.56,10,"Smad AdCreERT2/+","C57Bl/6","female",4,0,"Sable Systems: Promethion",NA,"BIDMC","none","Deepti_Ramachandran","2_28",30.44598864,0.5236254,196.43865,310.7369,8,"Corncob","Weir","Igloo (Plastic)"
"116","CalR000171","2_29","Mouse","Whole Body","+/+","Light",26.2,20.57,4.16,0.0744205870659722,0.5511825625,182.934145378378,162.367933054054,0.884122800945946,66.7554054054054,11.0782258333333,-1,17.34005,0.089664375,0.476761975434028,"2024-06-18T06:33:37Z","2024-06-21T07:33:37Z",73,"LabDiet 5008 3.56kcal/g",3.56,10,"Smad AdCreERT2/+","C57Bl/6","female",4,0,"Sable Systems: Promethion",NA,"BIDMC","none","Deepti_Ramachandran","2_29",23.71182144,4.57245,224.58836,350.0824,8,"Corncob","Weir","Igloo (Plastic)"
"117","CalR000171","2_30","Mouse","Whole Body","AdCreERT2/+","Light",25.5,20.1,4.66,0.0776965571006944,0.4578091025,191.186551864865,157.188679540541,0.818351174864865,76.3972972972973,15.1508916666667,-1,22.3053916666667,0.0682633541666667,0.380112545399306,"2024-06-18T06:33:37Z","2024-06-21T07:33:37Z",73,"LabDiet 5008 3.56kcal/g",3.56,10,"Smad AdCreERT2/+","C57Bl/6","female",4,0,"Sable Systems: Promethion",NA,"BIDMC","none","Deepti_Ramachandran","2_30",19.09412052,3.257456,322.5029,473.0489,8,"Corncob","Weir","Igloo (Plastic)"
"118","CalR000171","1_1","Mouse","Whole Body","AdCreERT2/+","Full day",24.5,19.96,3.32,0.0362481434982639,0.555526800833334,170.105789712329,154.327210191781,0.899989382328767,119.298630136986,7.37136666666667,-1,12.1251385416667,0.15808490625,0.51927865733507,"2024-06-18T06:33:37Z","2024-06-21T07:33:37Z",73,"LabDiet 5008 3.56kcal/g",3.56,10,"Smad AdCreERT2/+","C57Bl/6","female",4,0,"Sable Systems: Promethion",NA,"BIDMC","none","Deepti_Ramachandran","1_1",53.33057288,15.176151,231.8337,382.3189,8,"Corncob","Weir","Igloo (Plastic)"
"119","CalR000171","1_10","Mouse","Whole Body","+/+","Full day",22.6,18.94,3.33,0.0366781298307292,1.01799713,180.099409931507,160.925984876712,0.888921894315069,105.391095890411,9.88732916666667,-1,14.451153125,0.143221739583333,0.981319000169271,"2024-06-18T06:33:37Z","2024-06-21T07:33:37Z",73,"LabDiet 5008 3.56kcal/g",3.56,10,"Smad AdCreERT2/+","C57Bl/6","female",4,0,"Sable Systems: Promethion",NA,"BIDMC","none","Deepti_Ramachandran","1_10",97.72772448,13.749287,310.6235,451.4279,8,"Corncob","Weir","Igloo (Plastic)"
"120","CalR000171","1_11","Mouse","Whole Body","AdCreERT2/+","Full day",26.2,20.76,4.15,0.0382704024609375,1.01061554416667,189.370419164383,175.369086328767,0.921522784315069,82.7534246575343,9.81034479166667,-1,13.247815625,0.0841893541666667,0.972345141705729,"2024-06-18T06:33:37Z","2024-06-21T07:33:37Z",73,"LabDiet 5008 3.56kcal/g",3.56,10,"Smad AdCreERT2/+","C57Bl/6","female",4,0,"Sable Systems: Promethion",NA,"BIDMC","none","Deepti_Ramachandran","1_11",97.01909224,8.082178,295.2639,401.9098,8,"Corncob","Weir","Igloo (Plastic)"
"121","CalR000171","1_12","Mouse","Whole Body","+/+","Full day",24.6,18.14,5.99,0.0403732893988715,0.921793025,188.773652383562,172.59739109589,0.909231010273973,109.316438356164,7.674559375,-1,12.15369375,0.197102864583333,0.881419735601128,"2024-06-18T06:33:37Z","2024-06-21T07:33:37Z",73,"LabDiet 5008 3.56kcal/g",3.56,10,"Smad AdCreERT2/+","C57Bl/6","female",4,0,"Sable Systems: Promethion",NA,"BIDMC","none","Deepti_Ramachandran","1_12",88.4921304,18.921875,258.9438,408.8746,8,"Corncob","Weir","Igloo (Plastic)"
"122","CalR000171","1_13","Mouse","Whole Body","+/+","Full day",25.7,20.82,3.93,0.0400701077994792,0.88180788375,191.753973739726,178.960888027397,0.927865603767123,114.980136986301,12.10890625,-1,17.0217052083333,0.154919770833333,0.841737775950521,"2024-06-18T06:33:37Z","2024-06-21T07:33:37Z",73,"LabDiet 5008 3.56kcal/g",3.56,10,"Smad AdCreERT2/+","C57Bl/6","female",4,0,"Sable Systems: Promethion",NA,"BIDMC","none","Deepti_Ramachandran","1_13",84.65355684,14.872298,387.9615,548.2192,8,"Corncob","Weir","Igloo (Plastic)"
"123","CalR000171","1_14","Mouse","Whole Body","AdCreERT2/+","Full day",24.7,19.64,4.18,0.0403657988671875,0.872335873333333,187.618052712329,175.484409246575,0.931678327876712,120.905479452055,7.2842625,-1,12.9898520833333,0.19127484375,0.831970074466146,"2024-06-18T06:33:37Z","2024-06-21T07:33:37Z",73,"LabDiet 5008 3.56kcal/g",3.56,10,"Smad AdCreERT2/+","C57Bl/6","female",4,0,"Sable Systems: Promethion",NA,"BIDMC","none","Deepti_Ramachandran","1_14",83.74424384,18.362385,245.4491,432.4216,8,"Corncob","Weir","Igloo (Plastic)"
"124","CalR000171","1_15","Mouse","Whole Body","AdCreERT2/+","Full day",24.8,19.8,3.84,0.0428523310373264,1.28905256333333,197.012834013699,186.141525205479,0.941696238835616,119.567123287671,11.4823258333333,-1,16.3708979166667,0.156642958333333,1.24620023229601,"2024-06-18T06:33:37Z","2024-06-21T07:33:37Z",73,"LabDiet 5008 3.56kcal/g",3.56,10,"Smad AdCreERT2/+","C57Bl/6","female",4,0,"Sable Systems: Promethion",NA,"BIDMC","none","Deepti_Ramachandran","1_15",123.74904608,15.037724,365.83517,524.6597,8,"Corncob","Weir","Igloo (Plastic)"
"125","CalR000171","1_16","Mouse","Whole Body","+/+","Full day",27.3,20.69,5.9,0.0408321348697917,0.829879572916667,199.63965090411,182.352236013699,0.908431008013699,89.2294520547945,7.24335,-1,11.0794739583333,0.191239885416667,0.789047438046875,"2024-06-18T06:33:37Z","2024-06-21T07:33:37Z",73,"LabDiet 5008 3.56kcal/g",3.56,10,"Smad AdCreERT2/+","C57Bl/6","female",4,0,"Sable Systems: Promethion",NA,"BIDMC","none","Deepti_Ramachandran","1_16",79.668439,18.359029,229.2906,360.5929,8,"Corncob","Weir","Igloo (Plastic)"
"126","CalR000171","1_2","Mouse","Whole Body","+/+","Full day",28.8,22.56,4.94,0.0393519281076389,1.40626315291667,181.839039986301,167.329550958904,0.915416923424658,100.530136986301,7.298809375,-1,11.3010510416667,0.121367458333333,1.36691122480903,"2024-06-18T06:33:37Z","2024-06-21T07:33:37Z",73,"LabDiet 5008 3.56kcal/g",3.56,10,"Smad AdCreERT2/+","C57Bl/6","female",4,0,"Sable Systems: Promethion",NA,"BIDMC","none","Deepti_Ramachandran","1_2",135.00126268,11.651276,229.9743,362.7979,8,"Corncob","Weir","Igloo (Plastic)"
"127","CalR000171","1_3","Mouse","Whole Body","+/+","Full day",26.4,20.55,4.72,0.0411647033203125,0.95199061375,196.191223273973,177.493398246575,0.899668381712329,113.720547945205,11.2374666666667,-1,16.1797645833333,0.18812315625,0.910825910429688,"2024-06-18T06:33:37Z","2024-06-21T07:33:37Z",73,"LabDiet 5008 3.56kcal/g",3.56,10,"Smad AdCreERT2/+","C57Bl/6","female",4,0,"Sable Systems: Promethion",NA,"BIDMC","none","Deepti_Ramachandran","1_3",91.39109892,18.059823,359.8426,516.9005,8,"Corncob","Weir","Igloo (Plastic)"
"128","CalR000171","1_4","Mouse","Whole Body","AdCreERT2/+","Full day",26.5,21.09,4.36,0.0366261949153646,0.9922020375,176.486904369863,163.493455767123,0.922135692123288,79.7493150684931,5.710909375,-1,9.58525625,0.127946940625,0.955575842584636,"2024-06-18T06:33:37Z","2024-06-21T07:33:37Z",73,"LabDiet 5008 3.56kcal/g",3.56,10,"Smad AdCreERT2/+","C57Bl/6","female",4,0,"Sable Systems: Promethion",NA,"BIDMC","none","Deepti_Ramachandran","1_4",95.2513956,12.2829063,177.51115,301.8926,8,"Corncob","Weir","Igloo (Plastic)"
"129","CalR000171","1_5","Mouse","Whole Body","AdCreERT2/+","Full day",27.8,22.24,4.34,0.0447669295442708,1.14055710166667,209.983078479452,192.561878506849,0.91277617609589,116.171917808219,7.77080729166667,-1,12.6217354166667,0.24642840625,1.0957901721224,"2024-06-18T06:33:37Z","2024-06-21T07:33:37Z",73,"LabDiet 5008 3.56kcal/g",3.56,10,"Smad AdCreERT2/+","C57Bl/6","female",4,0,"Sable Systems: Promethion",NA,"BIDMC","none","Deepti_Ramachandran","1_5",109.49348176,23.657127,239.1915,394.152,8,"Corncob","Weir","Igloo (Plastic)"
"130","CalR000171","1_6","Mouse","Whole Body","+/+","Full day",24.7,20.26,3.77,0.0379094196354167,2.8952334125,184.638584589041,169.253343287671,0.913989569109589,116.534931506849,7.14854333333333,-1,11.9658604166667,0.146961614583333,2.85732399286458,"2024-06-18T06:33:37Z","2024-06-21T07:33:37Z",73,"LabDiet 5008 3.56kcal/g",3.56,10,"Smad AdCreERT2/+","C57Bl/6","female",4,0,"Sable Systems: Promethion",NA,"BIDMC","none","Deepti_Ramachandran","1_6",277.9424076,14.108315,216.90529,370.3693,8,"Corncob","Weir","Igloo (Plastic)"
"131","CalR000171","1_7","Mouse","Whole Body","+/+","Full day",25.4,19.37,4.06,0.039112603218316,1.10695051625,185.218740575343,169.913875931507,0.91345829,84.2164383561644,8.84045229166667,-1,12.1058052083333,0.244139947916667,1.06783791303168,"2024-06-18T06:33:37Z","2024-06-21T07:33:37Z",73,"LabDiet 5008 3.56kcal/g",3.56,10,"Smad AdCreERT2/+","C57Bl/6","female",4,0,"Sable Systems: Promethion",NA,"BIDMC","none","Deepti_Ramachandran","1_7",106.26724956,23.437435,271.11723,374.6665,8,"Corncob","Weir","Igloo (Plastic)"
"132","CalR000171","1_8","Mouse","Whole Body","AdCreERT2/+","Full day",24.8,19.28,4.57,0.0404516089605035,0.96696108125,188.047344205479,169.220463616438,0.895597557260274,106.849315068493,9.59233854166667,-1,13.8848822916667,0.186320083333333,0.926509472289497,"2024-06-18T06:33:37Z","2024-06-21T07:33:37Z",73,"LabDiet 5008 3.56kcal/g",3.56,10,"Smad AdCreERT2/+","C57Bl/6","female",4,0,"Sable Systems: Promethion",NA,"BIDMC","none","Deepti_Ramachandran","1_8",92.8282638,17.886728,321.1433,463.4666,8,"Corncob","Weir","Igloo (Plastic)"
"133","CalR000171","2_25","Mouse","Whole Body","+/+","Full day",25.7,19.99,4.35,0.0405453957356771,0.7745403,193.476309945205,172.886255424657,0.888263925821918,135.842465753425,8.42865,-1,13.9909875,0.0340936145833333,0.733994904264323,"2024-06-18T06:33:37Z","2024-06-21T07:33:37Z",73,"LabDiet 5008 3.56kcal/g",3.56,10,"Smad AdCreERT2/+","C57Bl/6","female",4,0,"Sable Systems: Promethion",NA,"BIDMC","none","Deepti_Ramachandran","2_25",74.3558688,3.272987,269.1499,444.425,8,"Corncob","Weir","Igloo (Plastic)"
"134","CalR000171","2_26","Mouse","Whole Body","AdCreERT2/+","Full day",25,19.63,4.61,0.0379143276258681,0.758555974166666,185.896617780822,162.781828643836,0.871225613424658,100.604109589041,8.84261458333333,-1,12.852125,0.183929427083333,0.720641646540798,"2024-06-18T06:33:37Z","2024-06-21T07:33:37Z",73,"LabDiet 5008 3.56kcal/g",3.56,10,"Smad AdCreERT2/+","C57Bl/6","female",4,0,"Sable Systems: Promethion",NA,"BIDMC","none","Deepti_Ramachandran","2_26",72.82137352,17.657225,282.6191,411.0245,8,"Corncob","Weir","Igloo (Plastic)"
"135","CalR000171","2_27","Mouse","Whole Body","AdCreERT2/+","Full day",27.3,18.9,3.45,0.0376907008897569,0.650102131666667,187.022317931507,167.791506821918,0.893187705479452,101.571232876712,9.56908875,-1,14.6353760416667,0.16808603125,0.61241143077691,"2024-06-18T06:33:37Z","2024-06-21T07:33:37Z",73,"LabDiet 5008 3.56kcal/g",3.56,10,"Smad AdCreERT2/+","C57Bl/6","female",4,0,"Sable Systems: Promethion",NA,"BIDMC","none","Deepti_Ramachandran","2_27",62.40980464,16.136259,304.18113,462.946,8,"Corncob","Weir","Igloo (Plastic)"
"136","CalR000171","2_28","Mouse","Whole Body","+/+","Full day",21.4,17.19,3.63,0.0325497424587674,0.750671797916667,160.258729643836,139.53843879452,0.866993791712329,94.941095890411,6.40158958333333,-1,10.0446677083333,0.00623968125,0.718122055457899,"2024-06-18T06:33:37Z","2024-06-21T07:33:37Z",73,"LabDiet 5008 3.56kcal/g",3.56,10,"Smad AdCreERT2/+","C57Bl/6","female",4,0,"Sable Systems: Promethion",NA,"BIDMC","none","Deepti_Ramachandran","2_28",72.0644926,0.5990094,196.43865,310.7369,8,"Corncob","Weir","Igloo (Plastic)"
"137","CalR000171","2_29","Mouse","Whole Body","+/+","Full day",26.2,20.57,4.16,0.0387407394466146,0.723736875,191.901836958904,176.720503643836,0.916815960410959,82.4191780821918,7.04159416666667,-1,10.9475729166667,0.14300509375,0.684996135553385,"2024-06-18T06:33:37Z","2024-06-21T07:33:37Z",73,"LabDiet 5008 3.56kcal/g",3.56,10,"Smad AdCreERT2/+","C57Bl/6","female",4,0,"Sable Systems: Promethion",NA,"BIDMC","none","Deepti_Ramachandran","2_29",69.47874,13.728489,224.58836,350.0824,8,"Corncob","Weir","Igloo (Plastic)"
"138","CalR000171","2_30","Mouse","Whole Body","AdCreERT2/+","Full day",25.5,20.1,4.66,0.0412267401540799,0.850410500833333,203.091073726027,179.539925794521,0.877741745890411,113.414383561644,10.2468625,-1,14.9204041666667,0.211662135416667,0.809183760679253,"2024-06-18T06:33:37Z","2024-06-21T07:33:37Z",73,"LabDiet 5008 3.56kcal/g",3.56,10,"Smad AdCreERT2/+","C57Bl/6","female",4,0,"Sable Systems: Promethion",NA,"BIDMC","none","Deepti_Ramachandran","2_30",81.63940808,20.319565,322.5029,473.0489,8,"Corncob","Weir","Igloo (Plastic)"
"139","CalR000171","1_1","Mouse","Whole Body","AdCreERT2/+","Dark",24.5,19.96,3.32,0.0742334741550926,0.881625891111111,178.805777333333,168.289447333333,0.939523957638889,144.759722222222,13.2171527777778,-1,21.7137333333333,0.232763416666667,0.807392416956019,"2024-06-18T06:33:37Z","2024-06-21T07:33:37Z",73,"LabDiet 5008 3.56kcal/g",3.56,10,"Smad AdCreERT2/+","C57Bl/6","female",4,0,"Sable Systems: Promethion",NA,"BIDMC","none","Deepti_Ramachandran","1_1",31.73853208,8.379483,228.1661,375.6819,8,"Corncob","Weir","Igloo (Plastic)"
"140","CalR000171","1_10","Mouse","Whole Body","+/+","Dark",22.6,18.94,3.33,0.0783714493865741,1.71941206333333,189.393508166667,175.4589275,0.923573059305556,136.661111111111,17.7377805555556,-1,25.9967444444444,0.275393861111111,1.64104061394676,"2024-06-18T06:33:37Z","2024-06-21T07:33:37Z",73,"LabDiet 5008 3.56kcal/g",3.56,10,"Smad AdCreERT2/+","C57Bl/6","female",4,0,"Sable Systems: Promethion",NA,"BIDMC","none","Deepti_Ramachandran","1_10",61.89883428,9.914179,310.0462,450.23,8,"Corncob","Weir","Igloo (Plastic)"
"141","CalR000171","1_11","Mouse","Whole Body","AdCreERT2/+","Dark",26.2,20.76,4.15,0.0825902197453704,1.56829540333333,198.298391166667,189.501515,0.952523409305556,89.8111111111111,17.9591444444444,-1,24.1633472222222,0.148837388888889,1.48570518358796,"2024-06-18T06:33:37Z","2024-06-21T07:33:37Z",73,"LabDiet 5008 3.56kcal/g",3.56,10,"Smad AdCreERT2/+","C57Bl/6","female",4,0,"Sable Systems: Promethion",NA,"BIDMC","none","Deepti_Ramachandran","1_11",56.45863452,5.358146,294.17,400.2496,8,"Corncob","Weir","Igloo (Plastic)"
"142","CalR000171","1_12","Mouse","Whole Body","+/+","Dark",24.6,18.14,5.99,0.083270831400463,1.68895171444444,200.363818333333,189.526364833333,0.943261610694444,137.890277777778,13.2726083333333,-1,21.0522222222222,0.393086722222222,1.60568088304398,"2024-06-18T06:33:37Z","2024-06-21T07:33:37Z",73,"LabDiet 5008 3.56kcal/g",3.56,10,"Smad AdCreERT2/+","C57Bl/6","female",4,0,"Sable Systems: Promethion",NA,"BIDMC","none","Deepti_Ramachandran","1_12",60.80226172,14.151122,249.2584,394.3508,8,"Corncob","Weir","Igloo (Plastic)"
"143","CalR000171","1_13","Mouse","Whole Body","+/+","Dark",25.7,20.82,3.93,0.085910004212963,1.64719251888889,205.762338833333,198.924643666667,0.964385815,144.968055555556,21.5137083333333,-1,30.1629027777778,0.289664583333333,1.56128251467593,"2024-06-18T06:33:37Z","2024-06-21T07:33:37Z",73,"LabDiet 5008 3.56kcal/g",3.56,10,"Smad AdCreERT2/+","C57Bl/6","female",4,0,"Sable Systems: Promethion",NA,"BIDMC","none","Deepti_Ramachandran","1_13",59.29893068,10.427925,385.8525,544.3193,8,"Corncob","Weir","Igloo (Plastic)"
"144","CalR000171","1_14","Mouse","Whole Body","AdCreERT2/+","Dark",24.7,19.64,4.18,0.0824074816666667,1.40070148111111,197.99316425,188.60643725,0.950122682361111,141.691666666667,12.6066694444444,-1,22.6278944444445,0.34034025,1.31829399944444,"2024-06-18T06:33:37Z","2024-06-21T07:33:37Z",73,"LabDiet 5008 3.56kcal/g",3.56,10,"Smad AdCreERT2/+","C57Bl/6","female",4,0,"Sable Systems: Promethion",NA,"BIDMC","none","Deepti_Ramachandran","1_14",50.42525332,12.252249,236.2597,417.5997,8,"Corncob","Weir","Igloo (Plastic)"
"145","CalR000171","1_15","Mouse","Whole Body","AdCreERT2/+","Dark",24.8,19.8,3.84,0.0871732788657407,2.18165749444444,209.381182916667,199.736076333333,0.949906571805556,146.384722222222,20.4574475,-1,29.0818472222222,0.246740166666667,2.0944842155787,"2024-06-18T06:33:37Z","2024-06-21T07:33:37Z",73,"LabDiet 5008 3.56kcal/g",3.56,10,"Smad AdCreERT2/+","C57Bl/6","female",4,0,"Sable Systems: Promethion",NA,"BIDMC","none","Deepti_Ramachandran","1_15",78.5396698,8.882646,352.49017,506.6795,8,"Corncob","Weir","Igloo (Plastic)"
"146","CalR000171","1_16","Mouse","Whole Body","+/+","Dark",27.3,20.69,5.9,0.0871892725347222,1.25720332,210.239185333333,196.852310833333,0.933717539027778,115.988888888889,12.9464166666667,-1,19.5287944444445,0.318624027777778,1.17001404746528,"2024-06-18T06:33:37Z","2024-06-21T07:33:37Z",73,"LabDiet 5008 3.56kcal/g",3.56,10,"Smad AdCreERT2/+","C57Bl/6","female",4,0,"Sable Systems: Promethion",NA,"BIDMC","none","Deepti_Ramachandran","1_16",45.25931952,11.470465,229.2582,360.0786,8,"Corncob","Weir","Igloo (Plastic)"
"147","CalR000171","1_2","Mouse","Whole Body","+/+","Dark",28.8,22.56,4.94,0.0783028843171296,2.16452252222222,188.39703525,178.265743166667,0.941749371388889,114.615277777778,13.0753166666667,-1,20.0584166666667,0.209639583333333,2.08621963790509,"2024-06-18T06:33:37Z","2024-06-21T07:33:37Z",73,"LabDiet 5008 3.56kcal/g",3.56,10,"Smad AdCreERT2/+","C57Bl/6","female",4,0,"Sable Systems: Promethion",NA,"BIDMC","none","Deepti_Ramachandran","1_2",77.9228108,7.547025,224.6322,353.9409,8,"Corncob","Weir","Igloo (Plastic)"
"148","CalR000171","1_3","Mouse","Whole Body","+/+","Dark",26.4,20.55,4.72,0.084024929849537,1.44353658777778,202.78926525,189.065698416667,0.929320679444444,127.933333333333,19.97095,-1,28.7876916666667,0.274223666666667,1.35951165792824,"2024-06-18T06:33:37Z","2024-06-21T07:33:37Z",73,"LabDiet 5008 3.56kcal/g",3.56,10,"Smad AdCreERT2/+","C57Bl/6","female",4,0,"Sable Systems: Promethion",NA,"BIDMC","none","Deepti_Ramachandran","1_3",51.96731716,9.872052,353.5808,508.2526,8,"Corncob","Weir","Igloo (Plastic)"
"149","CalR000171","1_4","Mouse","Whole Body","AdCreERT2/+","Dark",26.5,21.09,4.36,0.0770969808912037,1.67822761,184.791174666667,178.030514416667,0.961513163472222,96.3402777777778,10.2982263888889,-1,17.1747777777778,0.253721425,1.6011306291088,"2024-06-18T06:33:37Z","2024-06-21T07:33:37Z",73,"LabDiet 5008 3.56kcal/g",3.56,10,"Smad AdCreERT2/+","C57Bl/6","female",4,0,"Sable Systems: Promethion",NA,"BIDMC","none","Deepti_Ramachandran","1_4",60.41619396,9.1339713,176.44245,300.1532,8,"Corncob","Weir","Igloo (Plastic)"
"150","CalR000171","1_5","Mouse","Whole Body","AdCreERT2/+","Dark",27.8,22.24,4.34,0.0909250719560185,1.84889153777778,218.635060083333,207.468432416667,0.945775419583333,136.2125,14.0779444444444,-1,22.7092944444444,0.432968861111111,1.75796646582176,"2024-06-18T06:33:37Z","2024-06-21T07:33:37Z",73,"LabDiet 5008 3.56kcal/g",3.56,10,"Smad AdCreERT2/+","C57Bl/6","female",4,0,"Sable Systems: Promethion",NA,"BIDMC","none","Deepti_Ramachandran","1_5",66.56009536,15.586879,233.9518,385.1168,8,"Corncob","Weir","Igloo (Plastic)"
"151","CalR000171","1_6","Mouse","Whole Body","+/+","Dark",24.7,20.26,3.77,0.0786638600115741,5.40090665555556,189.792978666667,177.2081355,0.931575529861111,127.430555555556,13.0376352777778,-1,21.620925,0.241399222222222,5.32224279554398,"2024-06-18T06:33:37Z","2024-06-21T07:33:37Z",73,"LabDiet 5008 3.56kcal/g",3.56,10,"Smad AdCreERT2/+","C57Bl/6","female",4,0,"Sable Systems: Promethion",NA,"BIDMC","none","Deepti_Ramachandran","1_6",194.4326396,8.690372,215.69819,367.3746,8,"Corncob","Weir","Igloo (Plastic)"
"152","CalR000171","1_7","Mouse","Whole Body","+/+","Dark",25.4,19.37,4.06,0.0798748158564815,1.82014186777778,192.161077083333,181.90865725,0.944446818194444,91.9513888888889,16.0435052777778,-1,21.8747444444444,0.444388638888889,1.7402670519213,"2024-06-18T06:33:37Z","2024-06-21T07:33:37Z",73,"LabDiet 5008 3.56kcal/g",3.56,10,"Smad AdCreERT2/+","C57Bl/6","female",4,0,"Sable Systems: Promethion",NA,"BIDMC","none","Deepti_Ramachandran","1_7",65.52510724,15.997991,266.40123,367.9758,8,"Corncob","Weir","Igloo (Plastic)"
"153","CalR000171","1_8","Mouse","Whole Body","AdCreERT2/+","Dark",24.8,19.28,4.57,0.0804287125810185,1.59285287666667,194.616081916667,179.170511833333,0.917010528194444,130.629166666667,16.6589222222222,-1,24.1522805555555,0.313655916666667,1.51242416408565,"2024-06-18T06:33:37Z","2024-06-21T07:33:37Z",73,"LabDiet 5008 3.56kcal/g",3.56,10,"Smad AdCreERT2/+","C57Bl/6","female",4,0,"Sable Systems: Promethion",NA,"BIDMC","none","Deepti_Ramachandran","1_8",57.34270356,11.291613,308.4907,447.0842,8,"Corncob","Weir","Igloo (Plastic)"
"154","CalR000171","2_25","Mouse","Whole Body","+/+","Dark",25.7,19.99,4.35,0.0824152378125,1.29694805,199.42165975,184.009951416667,0.919048844166667,148.722222222222,15.0000138888889,-1,24.9641611111111,0.0454295,1.2145328121875,"2024-06-18T06:33:37Z","2024-06-21T07:33:37Z",73,"LabDiet 5008 3.56kcal/g",3.56,10,"Smad AdCreERT2/+","C57Bl/6","female",4,0,"Sable Systems: Promethion",NA,"BIDMC","none","Deepti_Ramachandran","2_25",48.4563526,2.166454,255.4185,423.1607,8,"Corncob","Weir","Igloo (Plastic)"
"155","CalR000171","2_26","Mouse","Whole Body","AdCreERT2/+","Dark",25,19.63,4.61,0.0797436459722222,1.21938366,193.194111833333,172.751735583333,0.89045659125,122.829166666667,15.729775,-1,22.8549861111111,0.341168333333334,1.13964001402778,"2024-06-18T06:33:37Z","2024-06-21T07:33:37Z",73,"LabDiet 5008 3.56kcal/g",3.56,10,"Smad AdCreERT2/+","C57Bl/6","female",4,0,"Sable Systems: Promethion",NA,"BIDMC","none","Deepti_Ramachandran","2_26",41.4589768,12.115171,270.5807,393.9878,8,"Corncob","Weir","Igloo (Plastic)"
"156","CalR000171","2_27","Mouse","Whole Body","AdCreERT2/+","Dark",27.3,18.9,3.45,0.0809353759606481,1.11609332555555,195.638153916667,179.716503,0.915349659444444,120.358333333333,17.0680941666667,-1,26.1680583333333,0.29572975,1.03515794959491,"2024-06-18T06:33:37Z","2024-06-21T07:33:37Z",73,"LabDiet 5008 3.56kcal/g",3.56,10,"Smad AdCreERT2/+","C57Bl/6","female",4,0,"Sable Systems: Promethion",NA,"BIDMC","none","Deepti_Ramachandran","2_27",40.70376552,10.506106,301.86383,457.1665,8,"Corncob","Weir","Igloo (Plastic)"
"157","CalR000171","2_28","Mouse","Whole Body","+/+","Dark",21.4,17.19,3.63,0.0669436241666667,1.14899197777778,164.078006916667,146.862347166667,0.891386408888889,108.109722222222,11.6142763888889,-1,18.1542,0.002094,1.08204835361111,"2024-06-18T06:33:37Z","2024-06-21T07:33:37Z",73,"LabDiet 5008 3.56kcal/g",3.56,10,"Smad AdCreERT2/+","C57Bl/6","female",4,0,"Sable Systems: Promethion",NA,"BIDMC","none","Deepti_Ramachandran","2_28",41.61850396,0.0753840000000001,193.67085,305.8182,8,"Corncob","Weir","Igloo (Plastic)"
"158","CalR000171","2_29","Mouse","Whole Body","+/+","Dark",26.2,20.57,4.16,0.0834987788773148,1.19505491666667,201.118631083333,191.47175675,0.950417263194444,98.5180555555555,12.5390188888889,-1,19.4690166666667,0.261794416666667,1.11155613778935,"2024-06-18T06:33:37Z","2024-06-21T07:33:37Z",73,"LabDiet 5008 3.56kcal/g",3.56,10,"Smad AdCreERT2/+","C57Bl/6","female",4,0,"Sable Systems: Promethion",NA,"BIDMC","none","Deepti_Ramachandran","2_29",45.76691856,9.156039,222.05506,345.2053,8,"Corncob","Weir","Igloo (Plastic)"
"159","CalR000171","2_30","Mouse","Whole Body","AdCreERT2/+","Dark",25.5,20.1,4.66,0.0896346031597222,1.65734919888889,215.32627675,202.51204,0.938782055,151.459722222222,18.3665527777778,-1,26.6474972222222,0.473414555555556,1.56771459572917,"2024-06-18T06:33:37Z","2024-06-21T07:33:37Z",73,"LabDiet 5008 3.56kcal/g",3.56,10,"Smad AdCreERT2/+","C57Bl/6","female",4,0,"Sable Systems: Promethion",NA,"BIDMC","none","Deepti_Ramachandran","2_30",62.54528756,17.062109,316.1413,463.194,8,"Corncob","Weir","Igloo (Plastic)"
"160","CalR000171","17","Mouse","Whole Body","AdCreERT2/+","Light",38.1,27.66,9.92,0.0796454587417328,0.947305764999999,193.949189283582,174.21727938806,0.896568741865672,118.582089552239,17.5554208333333,-1,33.6617888888889,0.133404583333333,0.867660306258267,"2024-06-26T21:59:26Z","2024-07-02T13:59:26Z",136,"LabDiet 5008 3.56kcal/g",3.56,10,"Smad AdCreERT2/+","C57Bl/6","male",4,0,"Sable Systems: Promethion",NA,"BIDMC","none","Deepti_Ramachandran","17",68.20601508,9.60513,386.1276,707.2183,8,"Straw","Weir","Igloo (Plastic)"
"161","CalR000171","18","Mouse","Whole Body","+/+","Light",34.3,27.01,6.06,0.0755409956010251,1.52914064444444,181.265978865672,168.43303038806,0.928642034477612,96.5902985074627,24.3108097222222,-1,37.7328208333333,0.188592638888889,1.45359964884342,"2024-06-26T21:59:26Z","2024-07-02T13:59:26Z",136,"LabDiet 5008 3.56kcal/g",3.56,10,"Smad AdCreERT2/+","C57Bl/6","male",4,0,"Sable Systems: Promethion",NA,"BIDMC","none","Deepti_Ramachandran","18",110.0981264,13.57867,513.5083,781.716,8,"Straw","Weir","Igloo (Plastic)"
"162","CalR000171","20","Mouse","Whole Body","AdCreERT2/+","Light",31.9,26.48,4.14,0.0844563698470569,0.9488646,204.731341522388,189.607415529851,0.924506724179105,99.9932835820895,13.4442,-1,26.0893097222222,0.248696708333333,0.864408230152943,"2024-06-26T21:59:26Z","2024-07-02T13:59:26Z",136,"LabDiet 5008 3.56kcal/g",3.56,10,"Smad AdCreERT2/+","C57Bl/6","male",4,0,"Sable Systems: Promethion",NA,"BIDMC","none","Deepti_Ramachandran","20",68.3182512,17.906163,280.7106,534.0153,8,"Straw","Weir","Igloo (Plastic)"
"163","CalR000171","21","Mouse","Whole Body","AdCreERT2/+","Light",32.1,26.24,4.43,0.0787655246784061,1.08673400555556,190.772568940298,174.823970865672,0.915004368432836,94.6791044776119,19.4112208333333,-1,33.5372555555555,0.156906041666667,1.00796848087715,"2024-06-26T21:59:26Z","2024-07-02T13:59:26Z",136,"LabDiet 5008 3.56kcal/g",3.56,10,"Smad AdCreERT2/+","C57Bl/6","male",4,0,"Sable Systems: Promethion",NA,"BIDMC","none","Deepti_Ramachandran","21",78.2448484,11.297235,406.4415,695.4167,8,"Straw","Weir","Igloo (Plastic)"
"164","CalR000171","23","Mouse","Whole Body","+/+","Light",31.1,26.04,3.71,0.0801024277017196,1.08318982777778,193.874282328358,177.730234880597,0.915450717462687,90.1723880597015,19.5667736111111,-1,32.8700041666667,0.0747825694444445,1.00308740007606,"2024-06-26T21:59:26Z","2024-07-02T13:59:26Z",136,"LabDiet 5008 3.56kcal/g",3.56,10,"Smad AdCreERT2/+","C57Bl/6","male",4,0,"Sable Systems: Promethion",NA,"BIDMC","none","Deepti_Ramachandran","23",77.9896676,5.384345,437.3023,718.8503,8,"Straw","Weir","Igloo (Plastic)"
"165","CalR000171","24","Mouse","Whole Body","AdCreERT2/+","Light",30.1,25.05,3.9,0.0804570126802249,0.682170661111111,193.445029567164,178.969217641791,0.92333017,84.1350746268657,19.9808805555556,-1,32.3142569444444,0.176071652777778,0.601713648430886,"2024-06-26T21:59:26Z","2024-07-02T13:59:26Z",136,"LabDiet 5008 3.56kcal/g",3.56,10,"Smad AdCreERT2/+","C57Bl/6","male",4,0,"Sable Systems: Promethion",NA,"BIDMC","none","Deepti_Ramachandran","24",49.1162876,12.677159,403.3811,658.2461,8,"Straw","Weir","Igloo (Plastic)"
"166","CalR000171","31","Mouse","Whole Body","AdCreERT2/+","Light",32.6,26.83,4.48,0.081571164177414,0.714816355555556,198.946666925373,175.373439895522,0.879507249552239,87.5701492537313,27.4676361111111,-1,40.8444875,0.157830125,0.633245191378142,"2024-06-26T21:59:26Z","2024-07-02T13:59:26Z",136,"LabDiet 5008 3.56kcal/g",3.56,10,"Smad AdCreERT2/+","C57Bl/6","male",4,0,"Sable Systems: Promethion",NA,"BIDMC","none","Deepti_Ramachandran","31",51.4667776,11.363769,549.0625,826.4242,8,"Straw","Weir","Igloo (Plastic)"
"167","CalR000171","32","Mouse","Whole Body","+/+","Light",28,23.19,3.79,0.0759786636416997,0.66512815,185.714377343284,161.869924477612,0.870615346268657,95.8544776119403,14.0404569444444,-1,27.9996277777778,0.114235694444445,0.5891494863583,"2024-06-26T21:59:26Z","2024-07-02T13:59:26Z",136,"LabDiet 5008 3.56kcal/g",3.56,10,"Smad AdCreERT2/+","C57Bl/6","male",4,0,"Sable Systems: Promethion",NA,"BIDMC","none","Deepti_Ramachandran","32",47.8892268,8.22497000000001,269.5191,554.869,8,"Straw","Weir","Igloo (Plastic)"
"168","CalR000171","17","Mouse","Whole Body","AdCreERT2/+","Full day",38.1,27.66,9.92,0.0405056136133551,0.90960686952381,197.985184433823,178.953091698529,0.902397374375,122.140073529412,8.79567321428572,-1,16.7099232142857,0.150452053571429,0.869101255910454,"2024-06-26T21:59:26Z","2024-07-02T13:59:26Z",136,"LabDiet 5008 3.56kcal/g",3.56,10,"Smad AdCreERT2/+","C57Bl/6","male",4,0,"Sable Systems: Promethion",NA,"BIDMC","none","Deepti_Ramachandran","17",152.81395408,25.275945,386.1276,707.2183,8,"Straw","Weir","Igloo (Plastic)"
"169","CalR000171","18","Mouse","Whole Body","+/+","Full day",34.3,27.01,6.06,0.0386270400484221,1.35990347142857,186.142492941176,174.892163029412,0.937591484889706,102.724264705882,12.0461952380952,-1,18.6513041666667,0.181140238095238,1.32127643138015,"2024-06-26T21:59:26Z","2024-07-02T13:59:26Z",136,"LabDiet 5008 3.56kcal/g",3.56,10,"Smad AdCreERT2/+","C57Bl/6","male",4,0,"Sable Systems: Promethion",NA,"BIDMC","none","Deepti_Ramachandran","18",228.4637832,30.43156,513.5083,781.716,8,"Straw","Weir","Igloo (Plastic)"
"170","CalR000171","20","Mouse","Whole Body","AdCreERT2/+","Full day",31.9,26.48,4.14,0.0435375507314106,0.955191927857143,213.564947691177,200.097082202206,0.934554888382353,112.200735294118,6.690975,-1,13.0050654761905,0.257530660714286,0.911654377125732,"2024-06-26T21:59:26Z","2024-07-02T13:59:26Z",136,"LabDiet 5008 3.56kcal/g",3.56,10,"Smad AdCreERT2/+","C57Bl/6","male",4,0,"Sable Systems: Promethion",NA,"BIDMC","none","Deepti_Ramachandran","20",160.47224388,43.265151,280.7106,534.0153,8,"Straw","Weir","Igloo (Plastic)"
"171","CalR000171","21","Mouse","Whole Body","AdCreERT2/+","Full day",32.1,26.24,4.43,0.0403771779140093,1.15218382857143,196.979850573529,183.574415669118,0.930130223125,110.691544117647,9.79786130952381,-1,16.8585303571429,0.189334827380952,1.11180665065742,"2024-06-26T21:59:26Z","2024-07-02T13:59:26Z",136,"LabDiet 5008 3.56kcal/g",3.56,10,"Smad AdCreERT2/+","C57Bl/6","male",4,0,"Sable Systems: Promethion",NA,"BIDMC","none","Deepti_Ramachandran","21",193.5668832,31.808251,406.4415,695.4167,8,"Straw","Weir","Igloo (Plastic)"
"172","CalR000171","23","Mouse","Whole Body","+/+","Full day",31.1,26.04,3.71,0.0411513226625094,1.18639246190476,200.971332794118,187.260620933824,0.930070280845588,108.186397058824,9.91299464285714,-1,16.6292125,0.0960568333333333,1.14524113924225,"2024-06-26T21:59:26Z","2024-07-02T13:59:26Z",136,"LabDiet 5008 3.56kcal/g",3.56,10,"Smad AdCreERT2/+","C57Bl/6","male",4,0,"Sable Systems: Promethion",NA,"BIDMC","none","Deepti_Ramachandran","23",199.3139336,16.137548,437.3023,718.8503,8,"Straw","Weir","Igloo (Plastic)"
"173","CalR000171","24","Mouse","Whole Body","AdCreERT2/+","Full day",30.1,25.05,3.9,0.041440809859812,0.633079207619048,200.973624794118,188.182017485294,0.934235767426471,96.8529411764706,10.0220220238095,-1,16.1715482142857,0.214255767857143,0.591638397759236,"2024-06-26T21:59:26Z","2024-07-02T13:59:26Z",136,"LabDiet 5008 3.56kcal/g",3.56,10,"Smad AdCreERT2/+","C57Bl/6","male",4,0,"Sable Systems: Promethion",NA,"BIDMC","none","Deepti_Ramachandran","24",106.35730688,35.994969,403.3811,658.2461,8,"Straw","Weir","Igloo (Plastic)"
"174","CalR000171","31","Mouse","Whole Body","AdCreERT2/+","Full day",32.6,26.83,4.48,0.0416474869676516,0.832527953333333,204.439849919118,184.029901610294,0.897238486213235,109.451838235294,13.9907916666667,-1,20.7246601190476,0.199999815476191,0.790880466365682,"2024-06-26T21:59:26Z","2024-07-02T13:59:26Z",136,"LabDiet 5008 3.56kcal/g",3.56,10,"Smad AdCreERT2/+","C57Bl/6","male",4,0,"Sable Systems: Promethion",NA,"BIDMC","none","Deepti_Ramachandran","31",139.86469616,33.599969,549.0625,826.4242,8,"Straw","Weir","Igloo (Plastic)"
"175","CalR000171","32","Mouse","Whole Body","+/+","Full day",28,23.19,3.79,0.0388653450515519,0.848127915714286,191.014053595588,172.092347713235,0.898889230808824,112.825735294118,7.03431964285714,-1,14.0458851190476,0.188275095238095,0.809262570662734,"2024-06-26T21:59:26Z","2024-07-02T13:59:26Z",136,"LabDiet 5008 3.56kcal/g",3.56,10,"Smad AdCreERT2/+","C57Bl/6","male",4,0,"Sable Systems: Promethion",NA,"BIDMC","none","Deepti_Ramachandran","32",142.48548984,31.630216,269.5191,554.869,8,"Straw","Weir","Igloo (Plastic)"
"176","CalR000171","17","Mouse","Whole Body","AdCreERT2/+","Dark",38.1,27.66,9.92,0.0830760452391975,1.17511026388889,201.904194217391,183.551634086957,0.908057061014493,125.594927536232,15.1603541666667,-1,29.1673444444444,0.217650208333333,1.09203421864969,"2024-06-26T21:59:26Z","2024-07-02T13:59:26Z",136,"LabDiet 5008 3.56kcal/g",3.56,10,"Smad AdCreERT2/+","C57Bl/6","male",4,0,"Sable Systems: Promethion",NA,"BIDMC","none","Deepti_Ramachandran","17",84.607939,15.670815,358.5047,662.0803,8,"Straw","Weir","Igloo (Plastic)"
"177","CalR000171","18","Mouse","Whole Body","+/+","Dark",34.3,27.01,6.06,0.0790700494772377,1.64396745555556,190.877658782609,181.164074434783,0.946281530942029,108.680434782609,20.9757291666667,-1,32.6625430555556,0.234067916666667,1.56489740607832,"2024-06-26T21:59:26Z","2024-07-02T13:59:26Z",136,"LabDiet 5008 3.56kcal/g",3.56,10,"Smad AdCreERT2/+","C57Bl/6","male",4,0,"Sable Systems: Promethion",NA,"BIDMC","none","Deepti_Ramachandran","18",118.3656568,16.85289,481.7658,732.929,8,"Straw","Weir","Igloo (Plastic)"
"178","CalR000171","20","Mouse","Whole Body","AdCreERT2/+","Dark",31.9,26.48,4.14,0.0918342481153549,1.279916565,222.142507304348,210.282700565217,0.944311801449275,124.054347826087,11.7135166666667,-1,22.9282736111111,0.352208166666667,1.18808231688465,"2024-06-26T21:59:26Z","2024-07-02T13:59:26Z",136,"LabDiet 5008 3.56kcal/g",3.56,10,"Smad AdCreERT2/+","C57Bl/6","male",4,0,"Sable Systems: Promethion",NA,"BIDMC","none","Deepti_Ramachandran","20",92.15399268,25.358988,273.4674,518.997,8,"Straw","Weir","Igloo (Plastic)"
"179","CalR000171","21","Mouse","Whole Body","AdCreERT2/+","Dark",32.1,26.24,4.43,0.0839932448726852,1.60169492777778,203.007211,192.071224391304,0.944817647246377,126.239855072464,17.2166555555556,-1,29.6780055555556,0.284875222222222,1.51770168290509,"2024-06-26T21:59:26Z","2024-07-02T13:59:26Z",136,"LabDiet 5008 3.56kcal/g",3.56,10,"Smad AdCreERT2/+","C57Bl/6","male",4,0,"Sable Systems: Promethion",NA,"BIDMC","none","Deepti_Ramachandran","21",115.3220348,20.511016,392.5307,671.8337,8,"Straw","Weir","Igloo (Plastic)"
"180","CalR000171","23","Mouse","Whole Body","+/+","Dark",31.1,26.04,3.71,0.0859178509876543,1.68505925,207.862671652174,196.514763913044,0.944266088768116,125.678260869565,17.0566777777778,-1,28.8174638888889,0.149350041666667,1.59914139901235,"2024-06-26T21:59:26Z","2024-07-02T13:59:26Z",136,"LabDiet 5008 3.56kcal/g",3.56,10,"Smad AdCreERT2/+","C57Bl/6","male",4,0,"Sable Systems: Promethion",NA,"BIDMC","none","Deepti_Ramachandran","23",121.324266,10.753203,424.0503,697.3713,8,"Straw","Weir","Igloo (Plastic)"
"181","CalR000171","24","Mouse","Whole Body","AdCreERT2/+","Dark",30.1,25.05,3.9,0.0860843604475309,0.795014156666667,208.283999869565,197.127779652174,0.94482526057971,109.202173913043,17.7822027777778,-1,28.5913055555556,0.323858472222222,0.708929796219136,"2024-06-26T21:59:26Z","2024-07-02T13:59:26Z",136,"LabDiet 5008 3.56kcal/g",3.56,10,"Smad AdCreERT2/+","C57Bl/6","male",4,0,"Sable Systems: Promethion",NA,"BIDMC","none","Deepti_Ramachandran","24",57.24101928,23.31781,397.6697,644.3331,8,"Straw","Weir","Igloo (Plastic)"
"182","CalR000171","31","Mouse","Whole Body","AdCreERT2/+","Dark",32.6,26.83,4.48,0.0862222049189815,1.22774886888889,209.773810217391,192.435451391304,0.914455773985507,130.699275362319,25.0193125,-1,36.8794263888889,0.308836111111111,1.14152666396991,"2024-06-26T21:59:26Z","2024-07-02T13:59:26Z",136,"LabDiet 5008 3.56kcal/g",3.56,10,"Smad AdCreERT2/+","C57Bl/6","male",4,0,"Sable Systems: Promethion",NA,"BIDMC","none","Deepti_Ramachandran","31",88.39791856,22.2362,529.9823,794.7752,8,"Straw","Weir","Igloo (Plastic)"
"183","CalR000171","32","Mouse","Whole Body","+/+","Dark",28,23.19,3.79,0.0807676334837963,1.31383698666667,196.160116043478,182.018468826087,0.926343582463768,129.305072463768,12.6700916666667,-1,25.0672180555556,0.325072861111111,1.23306935318287,"2024-06-26T21:59:26Z","2024-07-02T13:59:26Z",136,"LabDiet 5008 3.56kcal/g",3.56,10,"Smad AdCreERT2/+","C57Bl/6","male",4,0,"Sable Systems: Promethion",NA,"BIDMC","none","Deepti_Ramachandran","32",94.59626304,23.405246,263.1304,539.5192,8,"Straw","Weir","Igloo (Plastic)"
"184","CalR000181","1_1","Mouse","Whole Body","control","Light",31.4756457592115,NA,NA,0.0752100943576389,0.202390598333333,185.568303078947,151.942996184211,0.817288118552632,87.9618421052632,14.7263708333333,35.8711618289474,25.40985625,0.0778144166666666,0.127180503975694,"2024-09-26T19:47:00Z","2024-09-30T08:47:00Z",85,"LabDiet 5008 3.56kcal/g",3.56,10,"Smad AdCreERT2/+","C57Bl/6","male",4,0,"Sable Systems: Promethion",NA,"BIDMC","temperature change","Deepti_Ramachandran","1_1",9.71474872,3.735092,277.0709,469.8877,8,"Corncob","Weir","Igloo (Plastic)"
"185","CalR000181","1_10","Mouse","Whole Body","control","Light",32.7987547242431,NA,NA,0.0686566986024306,0.713322095,167.812013368421,137.071522026316,0.814729635526316,82.5381578947368,17.23148125,0,26.7240583333333,0.04740625,0.64466539639757,"2024-09-26T19:47:00Z","2024-09-30T08:47:00Z",85,"LabDiet 5008 3.56kcal/g",3.56,10,"Smad AdCreERT2/+","C57Bl/6","male",4,0,"Sable Systems: Promethion",NA,"BIDMC","temperature change","Deepti_Ramachandran","1_10",34.23946056,2.2755,300.5149,476.5582,8,"Corncob","Weir","Igloo (Plastic)"
"186","CalR000181","1_11","Mouse","Whole Body","control","Light",0,NA,NA,0.0873310673003472,1.17924184166667,211.990667921053,188.635987736842,0.88878455,94.3907894736842,13.18075625,0,21.8049083333333,0.0210324166666667,1.09191077436632,"2024-09-26T19:47:00Z","2024-09-30T08:47:00Z",85,"LabDiet 5008 3.56kcal/g",3.56,10,"Smad AdCreERT2/+","C57Bl/6","male",4,0,"Sable Systems: Promethion",NA,"BIDMC","temperature change","Deepti_Ramachandran","1_11",56.6036083999999,1.009556,238.8124,391.4429,8,"Corncob","Weir","Igloo (Plastic)"
"187","CalR000181","1_12","Mouse","Whole Body","Cre","Light",33.1116945130251,NA,NA,0.0826082290104167,0.87359196,199.820370157895,174.351740210526,0.870971742236842,92.4539473684211,5.41662291666667,0,13.3095270833333,0.0209615000000001,0.790983730989583,"2024-09-26T19:47:00Z","2024-09-30T08:47:00Z",85,"LabDiet 5008 3.56kcal/g",3.56,10,"Smad AdCreERT2/+","C57Bl/6","male",4,0,"Sable Systems: Promethion",NA,"BIDMC","temperature change","Deepti_Ramachandran","1_12",41.93241408,1.006152,98.5266,246.452,8,"Corncob","Weir","Igloo (Plastic)"
"188","CalR000181","1_13","Mouse","Whole Body","control","Light",33.272541394039,NA,NA,0.0852133515972222,0.481232938333333,205.57203031579,166.568550078947,0.807839010263158,124.696052631579,10.5103520833333,0,23.2187416666667,0.119345770833333,0.396019586736111,"2024-09-26T19:47:00Z","2024-09-30T08:47:00Z",85,"LabDiet 5008 3.56kcal/g",3.56,10,"Smad AdCreERT2/+","C57Bl/6","male",4,0,"Sable Systems: Promethion",NA,"BIDMC","temperature change","Deepti_Ramachandran","1_13",23.09918104,5.728597,194.2567,421.4003,8,"Corncob","Weir","Igloo (Plastic)"
"189","CalR000181","1_14","Mouse","Whole Body","Cre","Light",11.2254380122037,NA,NA,0.0839130959809028,0.249577508333333,206.750910710526,172.785977289474,0.834016536578947,82.5131578947368,11.1380520833333,0,20.3014729166667,0.0715293958333333,0.165664412352431,"2024-09-26T19:47:00Z","2024-09-30T08:47:00Z",85,"LabDiet 5008 3.56kcal/g",3.56,10,"Smad AdCreERT2/+","C57Bl/6","male",4,0,"Sable Systems: Promethion",NA,"BIDMC","temperature change","Deepti_Ramachandran","1_14",11.9797204,3.433411,215.3176,383.5324,8,"Corncob","Weir","Igloo (Plastic)"
"190","CalR000181","1_15","Mouse","Whole Body","control","Light",36.944015609012,NA,NA,0.0909415942100694,0.696635781666667,221.734033578947,190.37134618421,0.857983628157895,113.671052631579,9.31768125,0,21.5394458333333,0.123081208333333,0.605694187456598,"2024-09-26T19:47:00Z","2024-09-30T08:47:00Z",85,"LabDiet 5008 3.56kcal/g",3.56,10,"Smad AdCreERT2/+","C57Bl/6","male",4,0,"Sable Systems: Promethion",NA,"BIDMC","temperature change","Deepti_Ramachandran","1_15",33.43851752,5.907898,163.8487,384.8897,8,"Corncob","Weir","Igloo (Plastic)"
"191","CalR000181","1_16","Mouse","Whole Body","Cre","Light",17.5453867120394,NA,NA,0.0851938807204861,0.823013408333333,207.168926289474,180.431289710526,0.869971973157895,153.427631578947,8.59915416666667,0,20.8774104166667,0.1242335,0.737819527612847,"2024-09-26T19:47:00Z","2024-09-30T08:47:00Z",85,"LabDiet 5008 3.56kcal/g",3.56,10,"Smad AdCreERT2/+","C57Bl/6","male",4,0,"Sable Systems: Promethion",NA,"BIDMC","temperature change","Deepti_Ramachandran","1_16",39.5046436,5.963208,154.6561,374.8274,8,"Corncob","Weir","Igloo (Plastic)"
"192","CalR000181","1_2","Mouse","Whole Body","Cre","Light",23.8180394109364,NA,NA,0.066374411015625,0.264802441666666,166.173783631579,147.814089868421,0.886989177236842,109.648684210526,12.5652541666667,1.80130995736842,21.0163708333333,0.1018009375,0.198428030651041,"2024-09-26T19:47:00Z","2024-09-30T08:47:00Z",85,"LabDiet 5008 3.56kcal/g",3.56,10,"Smad AdCreERT2/+","C57Bl/6","male",4,0,"Sable Systems: Promethion",NA,"BIDMC","temperature change","Deepti_Ramachandran","1_2",12.7105172,4.886445,230.5118,396.5017,8,"Corncob","Weir","Igloo (Plastic)"
"193","CalR000181","1_3","Mouse","Whole Body","Cre","Light",31.7191667683642,NA,NA,0.0760485437673611,0.8047613625,184.827594236842,163.610972052632,0.884630025526316,89.5263157894737,9.23547291666667,33.9708847763158,17.1073708333333,0.0674118958333334,0.728712818732639,"2024-09-26T19:47:00Z","2024-09-30T08:47:00Z",85,"LabDiet 5008 3.56kcal/g",3.56,10,"Smad AdCreERT2/+","C57Bl/6","male",4,0,"Sable Systems: Promethion",NA,"BIDMC","temperature change","Deepti_Ramachandran","1_3",38.6285454,3.235771,170.8796,315.6395,8,"Corncob","Weir","Igloo (Plastic)"
"194","CalR000181","1_4","Mouse","Whole Body","control","Light",24.7573881976062,NA,NA,0.0789266188802083,0.705527178333333,190.911392368421,162.8047095,0.851313287894737,32.9868421052632,5.4348875,34.7300188815789,9.39616875,0.0714575416666666,0.626600559453125,"2024-09-26T19:47:00Z","2024-09-30T08:47:00Z",85,"LabDiet 5008 3.56kcal/g",3.56,10,"Smad AdCreERT2/+","C57Bl/6","male",4,0,"Sable Systems: Promethion",NA,"BIDMC","temperature change","Deepti_Ramachandran","1_4",33.86530456,3.429962,120.0475,199.4977,8,"Corncob","Weir","Igloo (Plastic)"
"195","CalR000181","1_5","Mouse","Whole Body","control","Light",31.7186675475241,NA,NA,0.0801879246440972,0.818719825833334,195.16308868421,168.401904315789,0.860970767236842,94.9631578947368,7.84924041666667,0,16.8895604166667,0.108007020833333,0.738531901189237,"2024-09-26T19:47:00Z","2024-09-30T08:47:00Z",85,"LabDiet 5008 3.56kcal/g",3.56,10,"Smad AdCreERT2/+","C57Bl/6","male",4,0,"Sable Systems: Promethion",NA,"BIDMC","temperature change","Deepti_Ramachandran","1_5",39.29855164,5.184337,144.25296,311.7767,8,"Corncob","Weir","Igloo (Plastic)"
"196","CalR000181","1_6","Mouse","Whole Body","Cre","Light",0,NA,NA,0.0757722111284722,0.652143643333333,184.479586342105,162.666959210526,0.880974023421053,92.4394736842105,5.49922916666667,0,13.1883333333333,0.071122625,0.576371432204861,"2024-09-26T19:47:00Z","2024-09-30T08:47:00Z",85,"LabDiet 5008 3.56kcal/g",3.56,10,"Smad AdCreERT2/+","C57Bl/6","male",4,0,"Sable Systems: Promethion",NA,"BIDMC","temperature change","Deepti_Ramachandran","1_6",31.30289488,3.413886,105.402,247.3844,8,"Corncob","Weir","Igloo (Plastic)"
"197","CalR000181","1_7","Mouse","Whole Body","Cre","Light",0,NA,NA,0.0799994192534722,1.2434902,189.882678,170.341423657895,0.894960028026316,72.2868421052632,7.03360833333333,0,13.0647375,0.0984546041666666,1.16349078074653,"2024-09-26T19:47:00Z","2024-09-30T08:47:00Z",85,"LabDiet 5008 3.56kcal/g",3.56,10,"Smad AdCreERT2/+","C57Bl/6","male",4,0,"Sable Systems: Promethion",NA,"BIDMC","temperature change","Deepti_Ramachandran","1_7",59.6875296,4.725821,131.5216,256.9172,8,"Corncob","Weir","Igloo (Plastic)"
"198","CalR000181","1_8","Mouse","Whole Body","control","Light",31.5665489908472,NA,NA,0.072735762578125,0.752985241666666,177.03719731579,157.943319789474,0.890774061842105,99.4131578947368,6.40173333333333,0,13.4991604166667,0.0771858333333334,0.680249479088541,"2024-09-26T19:47:00Z","2024-09-30T08:47:00Z",85,"LabDiet 5008 3.56kcal/g",3.56,10,"Smad AdCreERT2/+","C57Bl/6","male",4,0,"Sable Systems: Promethion",NA,"BIDMC","temperature change","Deepti_Ramachandran","1_8",36.1432916,3.70492,109.6111,242.8129,8,"Corncob","Weir","Igloo (Plastic)"
"199","CalR000181","2_17","Mouse","Whole Body","Cre","Light",26.130349699601,NA,NA,0.0743700574045139,0.993169170833334,179.577531304348,163.731208458498,0.911500290777339,103.247694334651,19.3749479166667,-1,29.5661125,0.149871916666667,0.91879911342882,"2024-09-26T19:47:00Z","2024-09-30T08:47:00Z",85,"LabDiet 5008 3.56kcal/g",3.56,10,"Smad AdCreERT2/+","C57Bl/6","male",4,0,"Sable Systems: Promethion",NA,"BIDMC","temperature change","Deepti_Ramachandran","2_17",47.1628266,7.240876,341.5633,531.5356,8,"Corncob","Weir","Igloo (Plastic)"
"200","CalR000181","2_18","Mouse","Whole Body","control","Light",31.8801032832668,NA,NA,0.0719477606510417,0.716542189166667,177.337302450593,155.574130513834,0.876027809354414,96.8221343873518,14.6788758333333,-1,24.2642641666667,0.044929875,0.644594428515625,"2024-09-26T19:47:00Z","2024-09-30T08:47:00Z",85,"LabDiet 5008 3.56kcal/g",3.56,10,"Smad AdCreERT2/+","C57Bl/6","male",4,0,"Sable Systems: Promethion",NA,"BIDMC","temperature change","Deepti_Ramachandran","2_18",34.94817468,2.196549,253.80551,426.17607,8,"Corncob","Weir","Igloo (Plastic)"
"201","CalR000181","2_19","Mouse","Whole Body","Cre","Light",33.8216228772589,NA,NA,0.0746451775173611,0.754238584166667,181.346228458498,171.154280395257,0.943298015810277,102.869565217391,6.795825,-1,15.65328125,0.1212755,0.679593406649305,"2024-09-26T19:47:00Z","2024-09-30T08:47:00Z",85,"LabDiet 5008 3.56kcal/g",3.56,10,"Smad AdCreERT2/+","C57Bl/6","male",4,0,"Sable Systems: Promethion",NA,"BIDMC","temperature change","Deepti_Ramachandran","2_19",36.54791408,5.960124,111.4105,275.5928,8,"Corncob","Weir","Igloo (Plastic)"
"202","CalR000181","1_1","Mouse","Whole Body","control","Full day",31.4756457592115,NA,NA,0.0389623281469381,0.333331937333333,193.026812223529,161.034356011765,0.831684956411765,113.800588235294,7.622385,36.1309987058824,12.9714116666667,0.129963775,0.294369609186395,"2024-09-26T19:47:00Z","2024-09-30T08:47:00Z",85,"LabDiet 5008 3.56kcal/g",3.56,10,"Smad AdCreERT2/+","C57Bl/6","male",4,0,"Sable Systems: Promethion",NA,"BIDMC","temperature change","Deepti_Ramachandran","1_1",39.99983248,15.595653,277.0709,469.8877,8,"Corncob","Weir","Igloo (Plastic)"
"203","CalR000181","1_10","Mouse","Whole Body","control","Full day",32.7987547242431,NA,NA,0.0353010300566603,0.903936747333333,173.9508372,146.729086658823,0.840048112529412,111.755882352941,8.83252333333333,0,13.6230508333333,0.101601641666667,0.868635717276673,"2024-09-26T19:47:00Z","2024-09-30T08:47:00Z",85,"LabDiet 5008 3.56kcal/g",3.56,10,"Smad AdCreERT2/+","C57Bl/6","male",4,0,"Sable Systems: Promethion",NA,"BIDMC","temperature change","Deepti_Ramachandran","1_10",108.47240968,12.192197,300.5149,476.5582,8,"Corncob","Weir","Igloo (Plastic)"
"204","CalR000181","1_11","Mouse","Whole Body","control","Full day",0,NA,NA,0.0439154368945707,1.08541020966667,214.251723,192.066876141176,0.894907417176471,102.108823529412,6.4999275,0,10.701815,0.0177294,1.0414947727721,"2024-09-26T19:47:00Z","2024-09-30T08:47:00Z",85,"LabDiet 5008 3.56kcal/g",3.56,10,"Smad AdCreERT2/+","C57Bl/6","male",4,0,"Sable Systems: Promethion",NA,"BIDMC","temperature change","Deepti_Ramachandran","1_11",130.24922516,2.127528,238.8124,391.4429,8,"Corncob","Weir","Igloo (Plastic)"
"205","CalR000181","1_12","Mouse","Whole Body","Cre","Full day",33.1116945130251,NA,NA,0.0414838413030303,0.746098332666667,202.520619917647,178.164948670588,0.878065593,100.595882352941,2.67165333333333,0,6.57230166666667,0.0246558166666667,0.704614491363636,"2024-09-26T19:47:00Z","2024-09-30T08:47:00Z",85,"LabDiet 5008 3.56kcal/g",3.56,10,"Smad AdCreERT2/+","C57Bl/6","male",4,0,"Sable Systems: Promethion",NA,"BIDMC","temperature change","Deepti_Ramachandran","1_12",89.53179992,2.958698,98.5266,246.452,8,"Corncob","Weir","Igloo (Plastic)"
"206","CalR000181","1_13","Mouse","Whole Body","control","Full day",33.272541394039,NA,NA,0.0431597920666035,0.557494694666667,209.082990882353,174.152868741176,0.830383337176471,139.916470588235,5.23783333333333,0,11.4742208333333,0.147695233333333,0.514334902600063,"2024-09-26T19:47:00Z","2024-09-30T08:47:00Z",85,"LabDiet 5008 3.56kcal/g",3.56,10,"Smad AdCreERT2/+","C57Bl/6","male",4,0,"Sable Systems: Promethion",NA,"BIDMC","temperature change","Deepti_Ramachandran","1_13",66.89936336,17.723428,194.2567,421.4003,8,"Corncob","Weir","Igloo (Plastic)"
"207","CalR000181","1_14","Mouse","Whole Body","Cre","Full day",11.2254380122037,NA,NA,0.0423283341931818,0.308290363333333,209.388086011765,177.707350164706,0.846130721647059,94.4876470588235,5.67472166666667,0,10.2202458333333,0.0925644583333333,0.265962029140152,"2024-09-26T19:47:00Z","2024-09-30T08:47:00Z",85,"LabDiet 5008 3.56kcal/g",3.56,10,"Smad AdCreERT2/+","C57Bl/6","male",4,0,"Sable Systems: Promethion",NA,"BIDMC","temperature change","Deepti_Ramachandran","1_14",36.9948436,11.107735,215.3176,383.5324,8,"Corncob","Weir","Igloo (Plastic)"
"208","CalR000181","1_15","Mouse","Whole Body","control","Full day",36.944015609012,NA,NA,0.0458849809065656,0.709791821,225.316933305882,194.023996129412,0.859915840058823,136.534705882353,4.68954083333333,0,10.7791591666667,0.149890941666667,0.663906840093434,"2024-09-26T19:47:00Z","2024-09-30T08:47:00Z",85,"LabDiet 5008 3.56kcal/g",3.56,10,"Smad AdCreERT2/+","C57Bl/6","male",4,0,"Sable Systems: Promethion",NA,"BIDMC","temperature change","Deepti_Ramachandran","1_15",85.17501852,17.986913,163.8487,384.8897,8,"Corncob","Weir","Igloo (Plastic)"
"209","CalR000181","1_16","Mouse","Whole Body","Cre","Full day",17.5453867120394,NA,NA,0.0427404674785353,0.815515366,209.259818294118,184.355023941177,0.879721147588235,179.659411764706,4.23709833333333,0,10.2616641666667,0.145073175,0.772774898521465,"2024-09-26T19:47:00Z","2024-09-30T08:47:00Z",85,"LabDiet 5008 3.56kcal/g",3.56,10,"Smad AdCreERT2/+","C57Bl/6","male",4,0,"Sable Systems: Promethion",NA,"BIDMC","temperature change","Deepti_Ramachandran","1_16",97.86184392,17.408781,154.6561,374.8274,8,"Corncob","Weir","Igloo (Plastic)"
"210","CalR000181","1_2","Mouse","Whole Body","Cre","Full day",23.8180394109364,NA,NA,0.0335460167173295,0.280700363333333,168.100090305882,150.285997376471,0.891841248764706,112.483529411765,6.30554666666667,2.43618041660588,10.4957808333333,0.119118758333333,0.247154346616004,"2024-09-26T19:47:00Z","2024-09-30T08:47:00Z",85,"LabDiet 5008 3.56kcal/g",3.56,10,"Smad AdCreERT2/+","C57Bl/6","male",4,0,"Sable Systems: Promethion",NA,"BIDMC","temperature change","Deepti_Ramachandran","1_2",33.6840436,14.294251,230.5118,396.5017,8,"Corncob","Weir","Igloo (Plastic)"
"211","CalR000181","1_3","Mouse","Whole Body","Cre","Full day",31.7191667683642,NA,NA,0.0388671783232323,0.895742369,190.282967964706,171.958020776471,0.902275902823529,104.345882352941,4.70227,34.2766525294118,8.61076416666667,0.079970925,0.856875190676768,"2024-09-26T19:47:00Z","2024-09-30T08:47:00Z",85,"LabDiet 5008 3.56kcal/g",3.56,10,"Smad AdCreERT2/+","C57Bl/6","male",4,0,"Sable Systems: Promethion",NA,"BIDMC","temperature change","Deepti_Ramachandran","1_3",107.48908428,9.596511,170.8796,315.6395,8,"Corncob","Weir","Igloo (Plastic)"
"212","CalR000181","1_4","Mouse","Whole Body","control","Full day",24.7573881976062,NA,NA,0.0401902962280619,0.772061050733333,195.7211496,171.727185423529,0.875249386058824,43.1264705882353,2.89253083333333,34.7138649176471,4.92467333333333,0.0994602,0.731870754505271,"2024-09-26T19:47:00Z","2024-09-30T08:47:00Z",85,"LabDiet 5008 3.56kcal/g",3.56,10,"Smad AdCreERT2/+","C57Bl/6","male",4,0,"Sable Systems: Promethion",NA,"BIDMC","temperature change","Deepti_Ramachandran","1_4",92.647326088,11.935224,120.0475,199.4977,8,"Corncob","Weir","Igloo (Plastic)"
"213","CalR000181","1_5","Mouse","Whole Body","control","Full day",31.7186675475241,NA,NA,0.0406370807211174,0.859483027333333,198.5056338,174.320119658824,0.876221100764706,110.676470588235,3.88224416666667,0,8.36533416666667,0.130511983333333,0.818845946612216,"2024-09-26T19:47:00Z","2024-09-30T08:47:00Z",85,"LabDiet 5008 3.56kcal/g",3.56,10,"Smad AdCreERT2/+","C57Bl/6","male",4,0,"Sable Systems: Promethion",NA,"BIDMC","temperature change","Deepti_Ramachandran","1_5",103.13796328,15.661438,144.25296,311.7767,8,"Corncob","Weir","Igloo (Plastic)"
"214","CalR000181","1_6","Mouse","Whole Body","Cre","Full day",0,NA,NA,0.0382476672340593,0.748659040666667,186.716448705882,168.533912470588,0.901521927176471,98.9282352941176,2.78926416666667,0,6.57476083333333,0.0818241583333333,0.710411373432607,"2024-09-26T19:47:00Z","2024-09-30T08:47:00Z",85,"LabDiet 5008 3.56kcal/g",3.56,10,"Smad AdCreERT2/+","C57Bl/6","male",4,0,"Sable Systems: Promethion",NA,"BIDMC","temperature change","Deepti_Ramachandran","1_6",89.83908488,9.818899,105.402,247.3844,8,"Corncob","Weir","Igloo (Plastic)"
"215","CalR000181","1_7","Mouse","Whole Body","Cre","Full day",0,NA,NA,0.0402883915718119,1.31041906033333,193.529343,177.5198532,0.915271711764706,78.7364705882353,3.56673166666667,0,6.60810833333333,0.0957879916666666,1.27013066876152,"2024-09-26T19:47:00Z","2024-09-30T08:47:00Z",85,"LabDiet 5008 3.56kcal/g",3.56,10,"Smad AdCreERT2/+","C57Bl/6","male",4,0,"Sable Systems: Promethion",NA,"BIDMC","temperature change","Deepti_Ramachandran","1_7",157.25028724,11.494559,131.5216,256.9172,8,"Corncob","Weir","Igloo (Plastic)"
"216","CalR000181","1_8","Mouse","Whole Body","control","Full day",31.5665489908472,NA,NA,0.0366463118909407,0.758665666666667,180.152542623529,163.167185858824,0.904010093470588,99.7058823529412,3.16841833333333,0,6.6650575,0.0798505583333333,0.722019354775726,"2024-09-26T19:47:00Z","2024-09-30T08:47:00Z",85,"LabDiet 5008 3.56kcal/g",3.56,10,"Smad AdCreERT2/+","C57Bl/6","male",4,0,"Sable Systems: Promethion",NA,"BIDMC","temperature change","Deepti_Ramachandran","1_8",91.03988,9.582067,109.6111,242.8129,8,"Corncob","Weir","Igloo (Plastic)"
"217","CalR000181","2_17","Mouse","Whole Body","Cre","Full day",26.130349699601,NA,NA,0.0373673363409091,0.86201306,181.081290529412,166.391472917647,0.917901999235294,122.878823529412,9.87677583333333,-1,14.9485866666667,0.127219533333333,0.824645723659091,"2024-09-26T19:47:00Z","2024-09-30T08:47:00Z",85,"LabDiet 5008 3.56kcal/g",3.56,10,"Smad AdCreERT2/+","C57Bl/6","male",4,0,"Sable Systems: Promethion",NA,"BIDMC","temperature change","Deepti_Ramachandran","2_17",103.4415672,15.266344,341.5633,531.5356,8,"Corncob","Weir","Igloo (Plastic)"
"218","CalR000181","2_18","Mouse","Whole Body","control","Full day",31.8801032832668,NA,NA,0.0365360026698232,0.791380138333333,180.106949082353,159.825245717647,0.885750730647059,111.157647058823,7.30050633333333,-1,12.0288345833333,0.0455739916666667,0.75484413566351,"2024-09-26T19:47:00Z","2024-09-30T08:47:00Z",85,"LabDiet 5008 3.56kcal/g",3.56,10,"Smad AdCreERT2/+","C57Bl/6","male",4,0,"Sable Systems: Promethion",NA,"BIDMC","temperature change","Deepti_Ramachandran","2_18",94.9656166,5.468879,253.80551,426.17607,8,"Corncob","Weir","Igloo (Plastic)"
"219","CalR000181","2_19","Mouse","Whole Body","Cre","Full day",33.8216228772589,NA,NA,0.0379723278311237,0.790293329666667,185.596348552941,176.434268929412,0.949578233823529,114.085294117647,3.40851416666667,-1,7.81611583333333,0.138668383333333,0.752321001835543,"2024-09-26T19:47:00Z","2024-09-30T08:47:00Z",85,"LabDiet 5008 3.56kcal/g",3.56,10,"Smad AdCreERT2/+","C57Bl/6","male",4,0,"Sable Systems: Promethion",NA,"BIDMC","temperature change","Deepti_Ramachandran","2_19",94.83519956,16.640206,111.4105,275.5928,8,"Corncob","Weir","Igloo (Plastic)"
"220","CalR000181","1_1","Mouse","Whole Body","control","Dark",31.4756457592115,NA,NA,0.0808495534272412,0.630939245,199.057096212766,168.384817148936,0.843324952978723,134.691489361702,13.2836520833333,36.3410795851064,22.6392020833333,0.247095020833333,0.550089691572759,"2024-09-26T19:47:00Z","2024-09-30T08:47:00Z",85,"LabDiet 5008 3.56kcal/g",3.56,10,"Smad AdCreERT2/+","C57Bl/6","male",4,0,"Sable Systems: Promethion",NA,"BIDMC","temperature change","Deepti_Ramachandran","1_1",30.28508376,11.860561,272.919,463.08,8,"Corncob","Weir","Igloo (Plastic)"
"221","CalR000181","1_10","Mouse","Whole Body","control","Dark",32.7987547242431,NA,NA,0.0728913338352273,1.54651977333333,178.914141574468,154.537330404255,0.860518370531915,135.378723404255,15.82058125,0,24.12933125,0.206597854166667,1.47362843949811,"2024-09-26T19:47:00Z","2024-09-30T08:47:00Z",85,"LabDiet 5008 3.56kcal/g",3.56,10,"Smad AdCreERT2/+","C57Bl/6","male",4,0,"Sable Systems: Promethion",NA,"BIDMC","temperature change","Deepti_Ramachandran","1_10",74.23294912,9.916697,297.3777,470.1785,8,"Corncob","Weir","Igloo (Plastic)"
"222","CalR000181","1_11","Mouse","Whole Body","control","Dark",0,NA,NA,0.0888415100228851,1.5342836825,216.079810085106,194.840785914894,0.899857820425532,108.348936170213,11.2745604166667,0,18.5994770833333,0.0232910833333333,1.44544217247712,"2024-09-26T19:47:00Z","2024-09-30T08:47:00Z",85,"LabDiet 5008 3.56kcal/g",3.56,10,"Smad AdCreERT2/+","C57Bl/6","male",4,0,"Sable Systems: Promethion",NA,"BIDMC","temperature change","Deepti_Ramachandran","1_11",73.64561676,1.117972,235.0256,384.6535,8,"Corncob","Weir","Igloo (Plastic)"
"223","CalR000181","1_12","Mouse","Whole Body","Cre","Dark",33.1116945130251,NA,NA,0.0838080626325757,0.991653871666666,204.703800574468,181.247968276596,0.883801046808511,107.178723404255,4.62649583333333,0,11.2963375,0.0406780416666666,0.907845809034091,"2024-09-26T19:47:00Z","2024-09-30T08:47:00Z",85,"LabDiet 5008 3.56kcal/g",3.56,10,"Smad AdCreERT2/+","C57Bl/6","male",4,0,"Sable Systems: Promethion",NA,"BIDMC","temperature change","Deepti_Ramachandran","1_12",47.59938584,1.952546,95.3484,238.9264,8,"Corncob","Weir","Igloo (Plastic)"
"224","CalR000181","1_13","Mouse","Whole Body","control","Dark",33.272541394039,NA,NA,0.0861597078835227,0.912503798333333,211.921639851064,180.28487106383,0.848610665319149,152.222340425532,9.04756875,0,19.9063791666667,0.2498923125,0.826344090449811,"2024-09-26T19:47:00Z","2024-09-30T08:47:00Z",85,"LabDiet 5008 3.56kcal/g",3.56,10,"Smad AdCreERT2/+","C57Bl/6","male",4,0,"Sable Systems: Promethion",NA,"BIDMC","temperature change","Deepti_Ramachandran","1_13",43.80018232,11.994831,183.6529,400.7869,8,"Corncob","Weir","Igloo (Plastic)"
"225","CalR000181","1_14","Mouse","Whole Body","Cre","Dark",11.2254380122037,NA,NA,0.0861277349708018,0.5211484,211.520270297872,181.686332489362,0.855925169148936,104.16914893617,9.70102083333333,0,17.56035625,0.15988175,0.435020665029198,"2024-09-26T19:47:00Z","2024-09-30T08:47:00Z",85,"LabDiet 5008 3.56kcal/g",3.56,10,"Smad AdCreERT2/+","C57Bl/6","male",4,0,"Sable Systems: Promethion",NA,"BIDMC","temperature change","Deepti_Ramachandran","1_14",25.0151232,7.674324,212.4012,377.6896,8,"Corncob","Weir","Igloo (Plastic)"
"226","CalR000181","1_15","Mouse","Whole Body","control","Dark",36.944015609012,NA,NA,0.0930133278132892,1.07784377083333,228.213745851064,196.977202468085,0.86147805393617,155.020212765957,8.3103375,0,18.9293625,0.251646145833333,0.984830443020044,"2024-09-26T19:47:00Z","2024-09-30T08:47:00Z",85,"LabDiet 5008 3.56kcal/g",3.56,10,"Smad AdCreERT2/+","C57Bl/6","male",4,0,"Sable Systems: Promethion",NA,"BIDMC","temperature change","Deepti_Ramachandran","1_15",51.736501,12.079015,162.188,379.3867,8,"Corncob","Weir","Igloo (Plastic)"
"227","CalR000181","1_16","Mouse","Whole Body","Cre","Dark",17.5453867120394,NA,NA,0.0864484315348801,1.21577500666667,210.950326723404,187.527404808511,0.887603458829787,200.868085106383,7.37074375,0,17.84525625,0.2384494375,1.12932657513179,"2024-09-26T19:47:00Z","2024-09-30T08:47:00Z",85,"LabDiet 5008 3.56kcal/g",3.56,10,"Smad AdCreERT2/+","C57Bl/6","male",4,0,"Sable Systems: Promethion",NA,"BIDMC","temperature change","Deepti_Ramachandran","1_16",58.35720032,11.445573,152.0066,366.8805,8,"Corncob","Weir","Igloo (Plastic)"
"228","CalR000181","1_2","Mouse","Whole Body","Cre","Dark",23.8180394109364,NA,NA,0.0697002176657197,0.436948466666667,169.657529744681,152.284560893617,0.895764200212766,114.775531914894,10.9615375,2.94947993684042,17.979,0.195995958333333,0.367248249000947,"2024-09-26T19:47:00Z","2024-09-30T08:47:00Z",85,"LabDiet 5008 3.56kcal/g",3.56,10,"Smad AdCreERT2/+","C57Bl/6","male",4,0,"Sable Systems: Promethion",NA,"BIDMC","temperature change","Deepti_Ramachandran","1_2",20.9735264,9.407806,227.6473,391.7878,8,"Corncob","Weir","Igloo (Plastic)"
"229","CalR000181","1_3","Mouse","Whole Body","Cre","Dark",31.7191667683642,NA,NA,0.0802965111726641,1.43459456,194.693695659575,178.706698468085,0.916542782340426,116.327659574468,8.19568333333333,34.5238690106383,14.9510875,0.132515416666667,1.35429804882734,"2024-09-26T19:47:00Z","2024-09-30T08:47:00Z",85,"LabDiet 5008 3.56kcal/g",3.56,10,"Smad AdCreERT2/+","C57Bl/6","male",4,0,"Sable Systems: Promethion",NA,"BIDMC","temperature change","Deepti_Ramachandran","1_3",68.86053888,6.36074,168.5548,311.5552,8,"Corncob","Weir","Igloo (Plastic)"
"230","CalR000181","1_4","Mouse","Whole Body","control","Dark",24.7573881976062,NA,NA,0.0819377637515783,1.2246254485,199.609889489362,178.94110212766,0.89460197606383,51.3244680851064,4.7303375,34.7008042659574,8.15548125,0.177192958333333,1.14268768474842,"2024-09-26T19:47:00Z","2024-09-30T08:47:00Z",85,"LabDiet 5008 3.56kcal/g",3.56,10,"Smad AdCreERT2/+","C57Bl/6","male",4,0,"Sable Systems: Promethion",NA,"BIDMC","temperature change","Deepti_Ramachandran","1_4",58.782021528,8.505262,117.578,195.2649,8,"Corncob","Weir","Igloo (Plastic)"
"231","CalR000181","1_5","Mouse","Whole Body","control","Dark",31.7186675475241,NA,NA,0.0825239616508838,1.3299877425,201.208117085106,179.105059723404,0.888551157659574,123.38085106383,6.70034041666667,0,14.4179875,0.2182729375,1.24746378084912,"2024-09-26T19:47:00Z","2024-09-30T08:47:00Z",85,"LabDiet 5008 3.56kcal/g",3.56,10,"Smad AdCreERT2/+","C57Bl/6","male",4,0,"Sable Systems: Promethion",NA,"BIDMC","temperature change","Deepti_Ramachandran","1_5",63.83941164,10.477101,140.28336,304.1434,8,"Corncob","Weir","Igloo (Plastic)"
"232","CalR000181","1_6","Mouse","Whole Body","Cre","Dark",0,NA,NA,0.0778068952075442,1.21950395833333,188.524975723404,173.277406595745,0.918135125957447,104.174468085106,4.77728541666667,0,11.2830604166667,0.133437770833333,1.14169706312579,"2024-09-26T19:47:00Z","2024-09-30T08:47:00Z",85,"LabDiet 5008 3.56kcal/g",3.56,10,"Smad AdCreERT2/+","C57Bl/6","male",4,0,"Sable Systems: Promethion",NA,"BIDMC","temperature change","Deepti_Ramachandran","1_6",58.53619,6.405013,103.7614,243.4272,8,"Corncob","Weir","Igloo (Plastic)"
"233","CalR000181","1_7","Mouse","Whole Body","Cre","Dark",0,NA,NA,0.0812553529616477,2.03255745083333,196.477710446808,183.323689851064,0.931693924148936,83.9510638297872,6.17679583333333,0,11.1678291666667,0.141015375,1.95130209787169,"2024-09-26T19:47:00Z","2024-09-30T08:47:00Z",85,"LabDiet 5008 3.56kcal/g",3.56,10,"Smad AdCreERT2/+","C57Bl/6","male",4,0,"Sable Systems: Promethion",NA,"BIDMC","temperature change","Deepti_Ramachandran","1_7",97.56275764,6.768738,127.0355,247.5066,8,"Corncob","Weir","Igloo (Plastic)"
"234","CalR000181","1_8","Mouse","Whole Body","control","Dark",31.5665489908472,NA,NA,0.0752664492629419,1.143678925,182.671332446808,167.390737148936,0.914711565851064,99.9425531914894,5.63748125,0,11.6040416666667,0.1224405625,1.06841247573706,"2024-09-26T19:47:00Z","2024-09-30T08:47:00Z",85,"LabDiet 5008 3.56kcal/g",3.56,10,"Smad AdCreERT2/+","C57Bl/6","male",4,0,"Sable Systems: Promethion",NA,"BIDMC","temperature change","Deepti_Ramachandran","1_8",54.8965884,5.877147,108.8341,240.1708,8,"Corncob","Weir","Igloo (Plastic)"
"235","CalR000181","2_17","Mouse","Whole Body","Cre","Dark",26.130349699601,NA,NA,0.0753252951144255,1.16186347916667,182.294205781084,168.537212263549,0.923065545164718,138.71307120085,17.5760375,-1,26.2978083333333,0.168176916666667,1.08653818405224,"2024-09-26T19:47:00Z","2024-09-30T08:47:00Z",85,"LabDiet 5008 3.56kcal/g",3.56,10,"Smad AdCreERT2/+","C57Bl/6","male",4,0,"Sable Systems: Promethion",NA,"BIDMC","temperature change","Deepti_Ramachandran","2_17",56.2787406,8.025468,330.548,517.1473,8,"Corncob","Weir","Igloo (Plastic)"
"236","CalR000181","2_18","Mouse","Whole Body","control","Dark",31.8801032832668,NA,NA,0.0749362261971275,1.26190815666667,182.340914856536,163.254147353879,0.893593129436769,122.720510095643,12.9636510416667,-1,21.1934183333333,0.0690051041666667,1.18697193046954,"2024-09-26T19:47:00Z","2024-09-30T08:47:00Z",85,"LabDiet 5008 3.56kcal/g",3.56,10,"Smad AdCreERT2/+","C57Bl/6","male",4,0,"Sable Systems: Promethion",NA,"BIDMC","temperature change","Deepti_Ramachandran","2_18",60.01744192,3.27233,251.70471,421.53207,8,"Corncob","Weir","Igloo (Plastic)"
"237","CalR000181","2_19","Mouse","Whole Body","Cre","Dark",33.8216228772589,NA,NA,0.0786473811837121,1.22149474,189.024447545165,180.693048204038,0.954643786928799,123.131774707758,6.20023333333333,-1,13.7987729166667,0.225395458333333,1.14284735881629,"2024-09-26T19:47:00Z","2024-09-30T08:47:00Z",85,"LabDiet 5008 3.56kcal/g",3.56,10,"Smad AdCreERT2/+","C57Bl/6","male",4,0,"Sable Systems: Promethion",NA,"BIDMC","temperature change","Deepti_Ramachandran","2_19",58.28728548,10.680082,110.9551,272.5856,8,"Corncob","Weir","Igloo (Plastic)"
"238","CalR000200","1_1","Mouse","Whole Body","Control","Light",39.6,25.345,13.765,0.0446499847569444,0.0311992166666663,110.48296325,90.76532625,0.820291123333333,92.3083333333333,11.4799666666667,-1,15.701225,0.0786115833333333,-0.0134507680902781,"2025-04-01T19:33:19Z","2025-04-03T06:33:19Z",35,"ResearchDiet 60 kcal% Fat 5.21kcal/g",5.21,10,"GDF3 KO","C57Bl/6","male",23,0,"Sable Systems: Promethion",NA,"BIDMC","none","Prasad_Kotikalapudi","1_1",0.374390599999996,0.943339,137.7596,188.4147,8,"Corncob","Weir","Igloo (Plastic)"
"239","CalR000200","1_10","Mouse","Whole Body","Cre","Light",38.8,24.225,14.2,0.0494885240625,0.0363918499999997,123.7093055,96.13373875,0.777204585833333,104.266666666667,8.50464166666667,-1,13.3619583333333,0.09016475,-0.0130966740625003,"2025-04-01T19:33:19Z","2025-04-03T06:33:19Z",35,"ResearchDiet 60 kcal% Fat 5.21kcal/g",5.21,10,"GDF3 KO","C57Bl/6","male",23,0,"Sable Systems: Promethion",NA,"BIDMC","none","Prasad_Kotikalapudi","1_10",0.436702199999997,1.081977,102.0557,160.3435,8,"Corncob","Weir","Igloo (Plastic)"
"240","CalR000200","1_11","Mouse","Whole Body","Cre","Light",40.55,24.05,16.16,0.0483913690625,0.5015758175,120.56543425,95.432238,0.790417011666667,97.8291666666667,8.87345333333333,-1,13.9670141666667,0.0841983333333334,0.4531844484375,"2025-04-01T19:33:19Z","2025-04-03T06:33:19Z",35,"ResearchDiet 60 kcal% Fat 5.21kcal/g",5.21,10,"GDF3 KO","C57Bl/6","male",23,0,"Sable Systems: Promethion",NA,"BIDMC","none","Prasad_Kotikalapudi","1_11",6.01890981,1.01038,106.48144,167.60417,8,"Corncob","Weir","Igloo (Plastic)"
"241","CalR000200","1_12","Mouse","Whole Body","Control","Light",43.05,25.845,16.76,0.0457361639583333,0.429433815833333,114.0297215,89.91214925,0.786622842083333,85.9458333333333,8.13903916666667,-1,12.7505833333333,0.07907175,0.383697651875,"2025-04-01T19:33:19Z","2025-04-03T06:33:19Z",35,"ResearchDiet 60 kcal% Fat 5.21kcal/g",5.21,10,"GDF3 KO","C57Bl/6","male",23,0,"Sable Systems: Promethion",NA,"BIDMC","none","Prasad_Kotikalapudi","1_12",5.15320579,0.948861,97.66847,153.007,8,"Corncob","Weir","Igloo (Plastic)"
"242","CalR000200","1_13","Mouse","Whole Body","Control","Light",34.25,26.02,8.37,0.0483255793402778,0.539591016666667,120.52543075,94.860961975,0.786518839166667,106.620833333333,11.9506158333333,-1,17.8258416666667,0.0820504166666667,0.491265437326389,"2025-04-01T19:33:19Z","2025-04-03T06:33:19Z",35,"ResearchDiet 60 kcal% Fat 5.21kcal/g",5.21,10,"GDF3 KO","C57Bl/6","male",23,0,"Sable Systems: Promethion",NA,"BIDMC","none","Prasad_Kotikalapudi","1_13",6.4750922,0.984605,143.40739,213.9101,8,"Corncob","Weir","Igloo (Plastic)"
"243","CalR000200","1_14","Mouse","Whole Body","Cre","Light",35.85,23.945,11.285,0.0460215091319444,0.488269911666666,114.930003,89.8001435,0.780619931666667,104.354166666667,9.41488416666667,-1,13.5663383333333,0.08887575,0.442248402534722,"2025-04-01T19:33:19Z","2025-04-03T06:33:19Z",35,"ResearchDiet 60 kcal% Fat 5.21kcal/g",5.21,10,"GDF3 KO","C57Bl/6","male",23,0,"Sable Systems: Promethion",NA,"BIDMC","none","Prasad_Kotikalapudi","1_14",5.85923894,1.066509,112.97861,162.79606,8,"Corncob","Weir","Igloo (Plastic)"
"244","CalR000200","1_15","Mouse","Whole Body","Cre","Light",29.85,21.62,7.91,0.0393076212152778,0.530818679166667,98.32793725,76.11306445,0.772459029166667,94.525,11.2883,-1,15.7747333333333,0.160491833333333,0.491511057951389,"2025-04-01T19:33:19Z","2025-04-03T06:33:19Z",35,"ResearchDiet 60 kcal% Fat 5.21kcal/g",5.21,10,"GDF3 KO","C57Bl/6","male",23,0,"Sable Systems: Promethion",NA,"BIDMC","none","Prasad_Kotikalapudi","1_15",6.36982415,1.925902,135.4596,189.2968,8,"Corncob","Weir","Igloo (Plastic)"
"245","CalR000200","1_16","Mouse","Whole Body","Control","Light",38.3,26.09,12.135,0.0398680227083333,0.09124273,99.7123965,77.260141,0.772677597083333,42.4333333333333,9.25035583333333,-1,13.230075,0.0660744166666666,0.0513747072916666,"2025-04-01T19:33:19Z","2025-04-03T06:33:19Z",35,"ResearchDiet 60 kcal% Fat 5.21kcal/g",5.21,10,"GDF3 KO","C57Bl/6","male",23,0,"Sable Systems: Promethion",NA,"BIDMC","none","Prasad_Kotikalapudi","1_16",1.09491276,0.792893,111.00427,158.7609,8,"Corncob","Weir","Igloo (Plastic)"
"246","CalR000200","1_2","Mouse","Whole Body","Cre","Light",34.75,23.71,10.58,0.0404521194791667,1.0811127725,100.30930925,81.4705735,0.810952699583333,52.4708333333333,13.0358075,-1,16.4775333333333,0.100591416666667,1.04066065302083,"2025-04-01T19:33:19Z","2025-04-03T06:33:19Z",35,"ResearchDiet 60 kcal% Fat 5.21kcal/g",5.21,10,"GDF3 KO","C57Bl/6","male",23,0,"Sable Systems: Promethion",NA,"BIDMC","none","Prasad_Kotikalapudi","1_2",12.97335327,1.207097,156.42969,197.7304,8,"Corncob","Weir","Igloo (Plastic)"
"247","CalR000200","1_3","Mouse","Whole Body","Cre","Light",30,22.365,7.51,0.0360331480555555,0.297906931666667,90.27429,69.28281995,0.766924315833333,86.1208333333333,10.0467616666667,-1,14.4942083333333,0.0602855000000001,0.261873783611111,"2025-04-01T19:33:19Z","2025-04-03T06:33:19Z",35,"ResearchDiet 60 kcal% Fat 5.21kcal/g",5.21,10,"GDF3 KO","C57Bl/6","male",23,0,"Sable Systems: Promethion",NA,"BIDMC","none","Prasad_Kotikalapudi","1_3",3.57488318,0.723426000000001,120.56114,173.9305,8,"Corncob","Weir","Igloo (Plastic)"
"248","CalR000200","1_4","Mouse","Whole Body","Control","Light",41.75,25.02,16.17,0.0413113198958333,0.2733309275,102.68341725,82.33316875,0.800028352083333,59.2416666666667,10.2421033333333,-1,13.9752166666667,0.0754701666666667,0.232019607604167,"2025-04-01T19:33:19Z","2025-04-03T06:33:19Z",35,"ResearchDiet 60 kcal% Fat 5.21kcal/g",5.21,10,"GDF3 KO","C57Bl/6","male",23,0,"Sable Systems: Promethion",NA,"BIDMC","none","Prasad_Kotikalapudi","1_4",3.27997113,0.905642,122.90524,167.7026,8,"Corncob","Weir","Igloo (Plastic)"
"249","CalR000200","1_5","Mouse","Whole Body","Control","Light",34.05,24.345,9.07,0.035010120625,0.45235304,86.7621955,70.697686025,0.813408979583333,120.408333333333,9.5761825,-1,14.3293416666667,0.0988055,0.417342919375,"2025-04-01T19:33:19Z","2025-04-03T06:33:19Z",35,"ResearchDiet 60 kcal% Fat 5.21kcal/g",5.21,10,"GDF3 KO","C57Bl/6","male",23,0,"Sable Systems: Promethion",NA,"BIDMC","none","Prasad_Kotikalapudi","1_5",5.42823648,1.185666,114.91419,171.9521,8,"Corncob","Weir","Igloo (Plastic)"
"250","CalR000200","1_6","Mouse","Whole Body","Cre","Light",35.95,24.13,11.25,0.0392547893055556,0.4325902075,97.505343425,78.470980875,0.803276189166667,112.8,12.0185208333333,-1,17.1496025,0.0448180833333333,0.393335418194445,"2025-04-01T19:33:19Z","2025-04-03T06:33:19Z",35,"ResearchDiet 60 kcal% Fat 5.21kcal/g",5.21,10,"GDF3 KO","C57Bl/6","male",23,0,"Sable Systems: Promethion",NA,"BIDMC","none","Prasad_Kotikalapudi","1_6",5.19108249,0.537817,144.22225,205.79523,8,"Corncob","Weir","Igloo (Plastic)"
"251","CalR000200","1_7","Mouse","Whole Body","Cre","Light",36.95,24.165,12.285,0.0382049478472222,0.607324924166667,95.180179,75.365540175,0.791570580416667,125.8,10.4150875,-1,15.4386416666667,0.111725833333333,0.569119976319445,"2025-04-01T19:33:19Z","2025-04-03T06:33:19Z",35,"ResearchDiet 60 kcal% Fat 5.21kcal/g",5.21,10,"GDF3 KO","C57Bl/6","male",23,0,"Sable Systems: Promethion",NA,"BIDMC","none","Prasad_Kotikalapudi","1_7",7.28789909,1.34071,124.98105,185.2637,8,"Corncob","Weir","Igloo (Plastic)"
"252","CalR000200","1_8","Mouse","Whole Body","Control","Light",35.65,23.465,11.7,0.0414249055208333,0.525188405833333,103.0508015,82.256472275,0.79744982375,119.795833333333,11.8481558333333,-1,17.3609833333333,0.0739645833333333,0.4837635003125,"2025-04-01T19:33:19Z","2025-04-03T06:33:19Z",35,"ResearchDiet 60 kcal% Fat 5.21kcal/g",5.21,10,"GDF3 KO","C57Bl/6","male",23,0,"Sable Systems: Promethion",NA,"BIDMC","none","Prasad_Kotikalapudi","1_8",6.30226087,0.887575,142.17787,208.3318,8,"Corncob","Weir","Igloo (Plastic)"
"253","CalR000200","1_9","Mouse","Whole Body","Control","Light",39.95,25.4,14.11,0.0419631228472222,0.778247223333333,104.41168025,83.246864575,0.796611041666667,90.0625,11.3521916666667,-1,16.4391333333333,0.04594675,0.736284100486111,"2025-04-01T19:33:19Z","2025-04-03T06:33:19Z",35,"ResearchDiet 60 kcal% Fat 5.21kcal/g",5.21,10,"GDF3 KO","C57Bl/6","male",23,0,"Sable Systems: Promethion",NA,"BIDMC","none","Prasad_Kotikalapudi","1_9",9.33896668,0.551361,136.2263,197.2696,8,"Corncob","Weir","Igloo (Plastic)"
"254","CalR000200","2_17","Mouse","Whole Body","Control","Light",36.65,24.88,11.775,0.0391653228125,0.422046904166667,96.416808,81.37906075,0.843516764166667,58.7166666666667,8.48629166666667,-1,11.4510916666667,0.110671083333333,0.382881581354167,"2025-04-01T19:33:19Z","2025-04-03T06:33:19Z",35,"ResearchDiet 60 kcal% Fat 5.21kcal/g",5.21,10,"GDF3 KO","C57Bl/6","male",23,0,"Sable Systems: Promethion",NA,"BIDMC","none","Prasad_Kotikalapudi","2_17",5.06456285,1.328053,101.8355,137.4131,8,"Corncob","Weir","Igloo (Plastic)"
"255","CalR000200","2_18","Mouse","Whole Body","Cre","Light",27.7,21.48,5.875,0.0375543799652778,0.462590255833334,92.387017,78.2597865,0.84635042375,24.3958333333333,12.53785,-1,15.3406,0.0887209166666667,0.425035875868056,"2025-04-01T19:33:19Z","2025-04-03T06:33:19Z",35,"ResearchDiet 60 kcal% Fat 5.21kcal/g",5.21,10,"GDF3 KO","C57Bl/6","male",23,0,"Sable Systems: Promethion",NA,"BIDMC","none","Prasad_Kotikalapudi","2_18",5.55108307,1.064651,150.4542,184.0872,8,"Corncob","Weir","Igloo (Plastic)"
"256","CalR000200","2_19","Mouse","Whole Body","Control","Light",34.35,26.71,6.76,0.0459913152777778,0.3986157975,113.46540175,94.691357675,0.835015122083333,121.333333333333,13.6319591666667,-1,19.0732,0.117763833333333,0.352624482222222,"2025-04-01T19:33:19Z","2025-04-03T06:33:19Z",35,"ResearchDiet 60 kcal% Fat 5.21kcal/g",5.21,10,"GDF3 KO","C57Bl/6","male",23,0,"Sable Systems: Promethion",NA,"BIDMC","none","Prasad_Kotikalapudi","2_19",4.78338957,1.413166,163.58351,228.8784,8,"Corncob","Weir","Igloo (Plastic)"
"257","CalR000200","1_1","Mouse","Whole Body","Control","Full day",39.6,25.345,13.765,0.0254089639938447,2.07748674020833,123.567004628571,100.605025714286,0.814250295428571,124.61,6.65177291666667,-1,9.016825,0.0949218895833333,2.05207777621449,"2025-04-01T19:33:19Z","2025-04-03T06:33:19Z",35,"ResearchDiet 60 kcal% Fat 5.21kcal/g",5.21,10,"GDF3 KO","C57Bl/6","male",23,0,"Sable Systems: Promethion",NA,"BIDMC","none","Prasad_Kotikalapudi","1_1",99.71936353,4.5562507,210.6984,295.3772,8,"Corncob","Weir","Igloo (Plastic)"
"258","CalR000200","1_10","Mouse","Whole Body","Cre","Full day",38.8,24.225,14.2,0.0267421613719224,1.84657053125,131.3983788,102.076240971429,0.776723029857143,133.728571428571,5.15060208333333,-1,7.8679875,0.0955846458333334,1.81982836987808,"2025-04-01T19:33:19Z","2025-04-03T06:33:19Z",35,"ResearchDiet 60 kcal% Fat 5.21kcal/g",5.21,10,"GDF3 KO","C57Bl/6","male",23,0,"Sable Systems: Promethion",NA,"BIDMC","none","Prasad_Kotikalapudi","1_10",88.6353855,4.588063,184.615,284.6406,8,"Corncob","Weir","Igloo (Plastic)"
"259","CalR000200","1_11","Mouse","Whole Body","Cre","Full day",40.55,24.05,16.16,0.0265150866173453,0.500605433291667,130.787662114286,102.683423657143,0.784223345714286,135.115714285714,5.07854333333333,-1,7.96070291666667,0.11945708125,0.474090346674321,"2025-04-01T19:33:19Z","2025-04-03T06:33:19Z",35,"ResearchDiet 60 kcal% Fat 5.21kcal/g",5.21,10,"GDF3 KO","C57Bl/6","male",23,0,"Sable Systems: Promethion",NA,"BIDMC","none","Prasad_Kotikalapudi","1_11",24.029060798,5.7339399,166.49894,267.99957,8,"Corncob","Weir","Igloo (Plastic)"
"260","CalR000200","1_12","Mouse","Whole Body","Control","Full day",43.05,25.845,16.76,0.0252415440546086,0.598799410416667,124.093601914286,97.4670632571429,0.783469041714286,122.511428571429,4.72252375,-1,7.3645625,0.138519875,0.573557866362058,"2025-04-01T19:33:19Z","2025-04-03T06:33:19Z",35,"ResearchDiet 60 kcal% Fat 5.21kcal/g",5.21,10,"GDF3 KO","C57Bl/6","male",23,0,"Sable Systems: Promethion",NA,"BIDMC","none","Prasad_Kotikalapudi","1_12",28.7423717,6.648954,158.61957,252.6123,8,"Corncob","Weir","Igloo (Plastic)"
"261","CalR000200","1_13","Mouse","Whole Body","Control","Full day",34.25,26.02,8.37,0.0280317451195549,0.582571997083333,136.657399285714,106.95406842,0.782727838428571,162.618571428571,7.64542458333333,-1,11.0838666666667,0.12816635,0.554540251963778,"2025-04-01T19:33:19Z","2025-04-03T06:33:19Z",35,"ResearchDiet 60 kcal% Fat 5.21kcal/g",5.21,10,"GDF3 KO","C57Bl/6","male",23,0,"Sable Systems: Promethion",NA,"BIDMC","none","Prasad_Kotikalapudi","1_13",27.96345586,6.1519848,256.88719,377.8046,8,"Corncob","Weir","Igloo (Plastic)"
"262","CalR000200","1_14","Mouse","Whole Body","Cre","Full day",35.85,23.945,11.285,0.0255357767203283,0.432088593041667,126.815105571429,97.9132944,0.77164259,131.882857142857,6.14497125,-1,8.55115666666667,0.133154041666667,0.406552816321338,"2025-04-01T19:33:19Z","2025-04-03T06:33:19Z",35,"ResearchDiet 60 kcal% Fat 5.21kcal/g",5.21,10,"GDF3 KO","C57Bl/6","male",23,0,"Sable Systems: Promethion",NA,"BIDMC","none","Prasad_Kotikalapudi","1_14",20.740252466,6.391394,202.64351,288.22276,8,"Corncob","Weir","Igloo (Plastic)"
"263","CalR000200","1_15","Mouse","Whole Body","Cre","Full day",29.85,21.62,7.91,0.0223604047190657,0.416550679791667,110.954897571429,84.54348744,0.761061617571429,139.745714285714,8.34717083333333,-1,10.9511395833333,0.179922895833333,0.394190275072601,"2025-04-01T19:33:19Z","2025-04-03T06:33:19Z",35,"ResearchDiet 60 kcal% Fat 5.21kcal/g",5.21,10,"GDF3 KO","C57Bl/6","male",23,0,"Sable Systems: Promethion",NA,"BIDMC","none","Prasad_Kotikalapudi","1_15",19.99443263,8.636299,309.5164,403.3364,8,"Corncob","Weir","Igloo (Plastic)"
"264","CalR000200","1_16","Mouse","Whole Body","Control","Full day",38.3,26.09,12.135,0.0229075158313605,0.9540978894375,113.8341168,88.1977772485714,0.772327125714286,102.544285714286,5.83807166666667,-1,8.2221875,0.132237860416667,0.931190373606139,"2025-04-01T19:33:19Z","2025-04-03T06:33:19Z",35,"ResearchDiet 60 kcal% Fat 5.21kcal/g",5.21,10,"GDF3 KO","C57Bl/6","male",23,0,"Sable Systems: Promethion",NA,"BIDMC","none","Prasad_Kotikalapudi","1_16",45.796698693,6.3474173,193.98067,272.144,8,"Corncob","Weir","Igloo (Plastic)"
"265","CalR000200","1_2","Mouse","Whole Body","Cre","Full day",34.75,23.71,10.58,0.0226831465084438,0.948671641875,111.180776228571,89.3415444857143,0.803174216571429,99.6957142857143,7.99440375,-1,9.95132083333333,0.131765333333333,0.925988495366556,"2025-04-01T19:33:19Z","2025-04-03T06:33:19Z",35,"ResearchDiet 60 kcal% Fat 5.21kcal/g",5.21,10,"GDF3 KO","C57Bl/6","male",23,0,"Sable Systems: Promethion",NA,"BIDMC","none","Prasad_Kotikalapudi","1_2",45.53623881,6.324736,258.88949,324.7633,8,"Corncob","Weir","Igloo (Plastic)"
"266","CalR000200","1_3","Mouse","Whole Body","Cre","Full day",30,22.365,7.51,0.0214105843118687,0.540710396020833,104.903806542857,81.5212236685714,0.775487444285714,131.931428571429,6.29097041666667,-1,8.86933541666667,0.150032541666667,0.519299811708965,"2025-04-01T19:33:19Z","2025-04-03T06:33:19Z",35,"ResearchDiet 60 kcal% Fat 5.21kcal/g",5.21,10,"GDF3 KO","C57Bl/6","male",23,0,"Sable Systems: Promethion",NA,"BIDMC","none","Prasad_Kotikalapudi","1_3",25.954099009,7.201562,201.50614,289.3869,8,"Corncob","Weir","Igloo (Plastic)"
"267","CalR000200","1_4","Mouse","Whole Body","Control","Full day",41.75,25.02,16.17,0.0230457492451862,0.664435533125,113.350043228571,90.4280171228571,0.796751263571429,113.255714285714,6.58883291666667,-1,8.91045,0.135463791666667,0.641389783879814,"2025-04-01T19:33:19Z","2025-04-03T06:33:19Z",35,"ResearchDiet 60 kcal% Fat 5.21kcal/g",5.21,10,"GDF3 KO","C57Bl/6","male",23,0,"Sable Systems: Promethion",NA,"BIDMC","none","Prasad_Kotikalapudi","1_4",31.89290559,6.502262,231.00334,313.5751,8,"Corncob","Weir","Igloo (Plastic)"
"268","CalR000200","1_5","Mouse","Whole Body","Control","Full day",34.05,24.345,9.07,0.0190406948192866,0.531316993958333,93.7750048285714,76.0646734971429,0.8106182,134.678571428571,5.04388083333333,-1,7.61461875,0.1192594375,0.512276299139047,"2025-04-01T19:33:19Z","2025-04-03T06:33:19Z",35,"ResearchDiet 60 kcal% Fat 5.21kcal/g",5.21,10,"GDF3 KO","C57Bl/6","male",23,0,"Sable Systems: Promethion",NA,"BIDMC","none","Prasad_Kotikalapudi","1_5",25.50321571,5.724453,177.90059,272.7544,8,"Corncob","Weir","Igloo (Plastic)"
"269","CalR000200","1_6","Mouse","Whole Body","Cre","Full day",35.95,24.13,11.25,0.0217614011115057,0.41395442825,107.484782991429,85.7759265942857,0.797907675571429,156.6,7.4777,-1,10.4123283333333,0.119468675,0.392193027138494,"2025-04-01T19:33:19Z","2025-04-03T06:33:19Z",35,"ResearchDiet 60 kcal% Fat 5.21kcal/g",5.21,10,"GDF3 KO","C57Bl/6","male",23,0,"Sable Systems: Promethion",NA,"BIDMC","none","Prasad_Kotikalapudi","1_6",19.869812556,5.7344964,253.92085,358.86783,8,"Corncob","Weir","Igloo (Plastic)"
"270","CalR000200","1_7","Mouse","Whole Body","Cre","Full day",36.95,24.165,12.285,0.0217065660866477,0.6410990965,107.164478142857,83.9492277342857,0.783461331428571,158.43,6.51206041666667,-1,9.38089583333333,0.116091479166667,0.619392530413352,"2025-04-01T19:33:19Z","2025-04-03T06:33:19Z",35,"ResearchDiet 60 kcal% Fat 5.21kcal/g",5.21,10,"GDF3 KO","C57Bl/6","male",23,0,"Sable Systems: Promethion",NA,"BIDMC","none","Prasad_Kotikalapudi","1_7",30.772756632,5.572391,233.08755,338.4219,8,"Corncob","Weir","Igloo (Plastic)"
"271","CalR000200","1_8","Mouse","Whole Body","Control","Full day",35.65,23.465,11.7,0.0221984788099748,0.564020055416667,109.751862257143,85.9893415885714,0.782758989142857,158.108571428571,6.88673833333333,-1,9.94071458333333,0.0861726520833334,0.541821576606692,"2025-04-01T19:33:19Z","2025-04-03T06:33:19Z",35,"ResearchDiet 60 kcal% Fat 5.21kcal/g",5.21,10,"GDF3 KO","C57Bl/6","male",23,0,"Sable Systems: Promethion",NA,"BIDMC","none","Prasad_Kotikalapudi","1_8",27.07296266,4.1362873,230.03087,340.2545,8,"Corncob","Weir","Igloo (Plastic)"
"272","CalR000200","1_9","Mouse","Whole Body","Control","Full day",39.95,25.4,14.11,0.0224530082836174,0.477227479479167,111.97689024,87.9078624942857,0.785186233142857,124.698571428571,7.30573125,-1,10.3019083333333,0.103396583333333,0.454774471195549,"2025-04-01T19:33:19Z","2025-04-03T06:33:19Z",35,"ResearchDiet 60 kcal% Fat 5.21kcal/g",5.21,10,"GDF3 KO","C57Bl/6","male",23,0,"Sable Systems: Promethion",NA,"BIDMC","none","Prasad_Kotikalapudi","1_9",22.906919015,4.963036,270.6515,381.1888,8,"Corncob","Weir","Igloo (Plastic)"
"273","CalR000200","2_17","Mouse","Whole Body","Control","Full day",36.65,24.88,11.775,0.0219252587030461,0.458385026041667,107.446735371429,89.8192949142857,0.835956174142857,122.885714285714,6.04583333333333,-1,8.03713333333333,0.1448433125,0.436459767338621,"2025-04-01T19:33:19Z","2025-04-03T06:33:19Z",35,"ResearchDiet 60 kcal% Fat 5.21kcal/g",5.21,10,"GDF3 KO","C57Bl/6","male",23,0,"Sable Systems: Promethion",NA,"BIDMC","none","Prasad_Kotikalapudi","2_17",22.00248125,6.952479,223.7655,295.8905,8,"Corncob","Weir","Igloo (Plastic)"
"274","CalR000200","2_18","Mouse","Whole Body","Cre","Full day",27.7,21.48,5.875,0.021790104840988,0.484791693958333,106.049918914286,88.6860378857143,0.836225801,87.8428571428571,9.03275,-1,10.7701166666667,0.131811020833333,0.463001589117345,"2025-04-01T19:33:19Z","2025-04-03T06:33:19Z",35,"ResearchDiet 60 kcal% Fat 5.21kcal/g",5.21,10,"GDF3 KO","C57Bl/6","male",23,0,"Sable Systems: Promethion",NA,"BIDMC","none","Prasad_Kotikalapudi","2_18",23.27000131,6.326929,305.3551,361.284,8,"Corncob","Weir","Igloo (Plastic)"
"275","CalR000200","2_19","Mouse","Whole Body","Control","Full day",34.35,26.71,6.76,0.0250764125512942,0.559808747291667,123.649145657143,102.992273785714,0.832831431571429,150.721428571429,8.42803375,-1,11.3304520833333,0.127513827083333,0.534732334740372,"2025-04-01T19:33:19Z","2025-04-03T06:33:19Z",35,"ResearchDiet 60 kcal% Fat 5.21kcal/g",5.21,10,"GDF3 KO","C57Bl/6","male",23,0,"Sable Systems: Promethion",NA,"BIDMC","none","Prasad_Kotikalapudi","2_19",26.87081987,6.1206637,320.90061,424.2675,8,"Corncob","Weir","Igloo (Plastic)"
"276","CalR000200","1_1","Mouse","Whole Body","Control","Dark",39.6,25.345,13.765,0.0526041619113005,4.13937387208333,130.393461,105.738781956522,0.811098559130435,141.463043478261,13.3035458333333,-1,18.03365,0.1505379875,4.08676971017203,"2025-04-01T19:33:19Z","2025-04-03T06:33:19Z",35,"ResearchDiet 60 kcal% Fat 5.21kcal/g",5.21,10,"GDF3 KO","C57Bl/6","male",23,0,"Sable Systems: Promethion",NA,"BIDMC","none","Prasad_Kotikalapudi","1_1",99.34497293,3.6129117,210.6984,295.3772,8,"Corncob","Weir","Igloo (Plastic)"
"277","CalR000200","1_10","Mouse","Whole Body","Cre","Dark",38.8,24.225,14.2,0.054239885842803,3.6749451375,135.410069217391,105.176676913043,0.77647178326087,149.1,10.3012041666667,-1,15.735975,0.146086916666667,3.6207052516572,"2025-04-01T19:33:19Z","2025-04-03T06:33:19Z",35,"ResearchDiet 60 kcal% Fat 5.21kcal/g",5.21,10,"GDF3 KO","C57Bl/6","male",23,0,"Sable Systems: Promethion",NA,"BIDMC","none","Prasad_Kotikalapudi","1_10",88.1986833,3.506086,184.615,284.6406,8,"Corncob","Weir","Igloo (Plastic)"
"278","CalR000200","1_11","Mouse","Whole Body","Cre","Dark",40.55,24.05,16.16,0.0545239303093434,0.750422957833333,136.120998391304,106.466650956522,0.780991867826087,154.569565217391,10.1570866666667,-1,15.9214058333333,0.196814995833333,0.69589902752399,"2025-04-01T19:33:19Z","2025-04-03T06:33:19Z",35,"ResearchDiet 60 kcal% Fat 5.21kcal/g",5.21,10,"GDF3 KO","C57Bl/6","male",23,0,"Sable Systems: Promethion",NA,"BIDMC","none","Prasad_Kotikalapudi","1_11",18.010150988,4.7235599,166.49894,267.99957,8,"Corncob","Weir","Igloo (Plastic)"
"279","CalR000200","1_12","Mouse","Whole Body","Control","Dark",43.05,25.845,16.76,0.0518530373453283,0.982881912916667,129.344322130435,101.408757521739,0.781823580652174,141.589130434783,9.4450475,-1,14.729125,0.237503875,0.931028875571339,"2025-04-01T19:33:19Z","2025-04-03T06:33:19Z",35,"ResearchDiet 60 kcal% Fat 5.21kcal/g",5.21,10,"GDF3 KO","C57Bl/6","male",23,0,"Sable Systems: Promethion",NA,"BIDMC","none","Prasad_Kotikalapudi","1_12",23.58916591,5.700093,158.61957,252.6123,8,"Corncob","Weir","Igloo (Plastic)"
"280","CalR000200","1_13","Mouse","Whole Body","Control","Dark",34.25,26.02,8.37,0.058148357834596,0.895348485833333,145.074078521739,113.26351526087,0.780749925,191.834782608696,15.2908491666667,-1,22.1677333333333,0.215307491666667,0.837200127998737,"2025-04-01T19:33:19Z","2025-04-03T06:33:19Z",35,"ResearchDiet 60 kcal% Fat 5.21kcal/g",5.21,10,"GDF3 KO","C57Bl/6","male",23,0,"Sable Systems: Promethion",NA,"BIDMC","none","Prasad_Kotikalapudi","1_13",21.48836366,5.1673798,256.88719,377.8046,8,"Corncob","Weir","Igloo (Plastic)"
"281","CalR000200","1_14","Mouse","Whole Body","Cre","Dark",35.85,23.945,11.285,0.0530594374857955,0.62004223025,133.016028652174,102.146242695652,0.766958759565217,146.245652173913,12.2899425,-1,17.1023133333333,0.221870208333333,0.566982792764205,"2025-04-01T19:33:19Z","2025-04-03T06:33:19Z",35,"ResearchDiet 60 kcal% Fat 5.21kcal/g",5.21,10,"GDF3 KO","C57Bl/6","male",23,0,"Sable Systems: Promethion",NA,"BIDMC","none","Prasad_Kotikalapudi","1_14",14.881013526,5.324885,202.64351,288.22276,8,"Corncob","Weir","Igloo (Plastic)"
"282","CalR000200","1_15","Mouse","Whole Body","Cre","Dark",29.85,21.62,7.91,0.0467687570943813,0.56769202,117.542876869565,88.941969,0.755115141956522,163.339130434783,16.6943416666667,-1,21.9022791666667,0.279599875,0.520923262905619,"2025-04-01T19:33:19Z","2025-04-03T06:33:19Z",35,"ResearchDiet 60 kcal% Fat 5.21kcal/g",5.21,10,"GDF3 KO","C57Bl/6","male",23,0,"Sable Systems: Promethion",NA,"BIDMC","none","Prasad_Kotikalapudi","1_15",13.62460848,6.710397,309.5164,403.3364,8,"Corncob","Weir","Igloo (Plastic)"
"283","CalR000200","1_16","Mouse","Whole Body","Control","Dark",38.3,26.09,12.135,0.0483831883727904,1.862574413875,121.201970869565,93.904370073913,0.772144271086956,133.90652173913,11.6761433333333,-1,16.444375,0.2314385125,1.81419122550221,"2025-04-01T19:33:19Z","2025-04-03T06:33:19Z",35,"ResearchDiet 60 kcal% Fat 5.21kcal/g",5.21,10,"GDF3 KO","C57Bl/6","male",23,0,"Sable Systems: Promethion",NA,"BIDMC","none","Prasad_Kotikalapudi","1_16",44.701785933,5.5545243,193.98067,272.144,8,"Corncob","Weir","Igloo (Plastic)"
"284","CalR000200","1_2","Mouse","Whole Body","Cre","Dark",34.75,23.71,10.58,0.0469909706123737,1.3567868975,116.852845956522,93.4481380434783,0.799115877608696,124.334782608696,15.9888075,-1,19.9026416666667,0.213234958333333,1.30979592688763,"2025-04-01T19:33:19Z","2025-04-03T06:33:19Z",35,"ResearchDiet 60 kcal% Fat 5.21kcal/g",5.21,10,"GDF3 KO","C57Bl/6","male",23,0,"Sable Systems: Promethion",NA,"BIDMC","none","Prasad_Kotikalapudi","1_2",32.56288554,5.117639,258.88949,324.7633,8,"Corncob","Weir","Igloo (Plastic)"
"285","CalR000200","1_3","Mouse","Whole Body","Cre","Dark",30,22.365,7.51,0.0450635834848485,0.932467326208334,112.536597782609,87.9064777826087,0.779955163478261,155.832608695652,12.5819408333333,-1,17.7386708333333,0.269922333333333,0.887403742723485,"2025-04-01T19:33:19Z","2025-04-03T06:33:19Z",35,"ResearchDiet 60 kcal% Fat 5.21kcal/g",5.21,10,"GDF3 KO","C57Bl/6","male",23,0,"Sable Systems: Promethion",NA,"BIDMC","none","Prasad_Kotikalapudi","1_3",22.379215829,6.478136,201.50614,289.3869,8,"Corncob","Weir","Igloo (Plastic)"
"286","CalR000200","1_4","Mouse","Whole Body","Control","Dark",41.75,25.02,16.17,0.0477667723358586,1.1922056025,118.915239391304,94.651416273913,0.79504147826087,141.436956521739,13.1776658333333,-1,17.8209,0.2331925,1.14443883016414,"2025-04-01T19:33:19Z","2025-04-03T06:33:19Z",35,"ResearchDiet 60 kcal% Fat 5.21kcal/g",5.21,10,"GDF3 KO","C57Bl/6","male",23,0,"Sable Systems: Promethion",NA,"BIDMC","none","Prasad_Kotikalapudi","1_4",28.61293446,5.59662,231.00334,313.5751,8,"Corncob","Weir","Igloo (Plastic)"
"287","CalR000200","1_5","Mouse","Whole Body","Control","Dark",34.05,24.345,9.07,0.0392488668434343,0.836457467916667,97.4338618695652,78.864840873913,0.809162141086956,142.123913043478,10.0877616666667,-1,15.2292375,0.189116125,0.797208601073232,"2025-04-01T19:33:19Z","2025-04-03T06:33:19Z",35,"ResearchDiet 60 kcal% Fat 5.21kcal/g",5.21,10,"GDF3 KO","C57Bl/6","male",23,0,"Sable Systems: Promethion",NA,"BIDMC","none","Prasad_Kotikalapudi","1_5",20.07497923,4.538787,177.90059,272.7544,8,"Corncob","Weir","Igloo (Plastic)"
"288","CalR000200","1_6","Mouse","Whole Body","Cre","Dark",35.95,24.13,11.25,0.0452296386379419,0.61161375275,112.691447113043,89.5872026217391,0.795106711956522,179.452173913044,14.9554,-1,20.8246566666667,0.216528308333333,0.566384114112058,"2025-04-01T19:33:19Z","2025-04-03T06:33:19Z",35,"ResearchDiet 60 kcal% Fat 5.21kcal/g",5.21,10,"GDF3 KO","C57Bl/6","male",23,0,"Sable Systems: Promethion",NA,"BIDMC","none","Prasad_Kotikalapudi","1_6",14.678730066,5.1966794,253.92085,358.86783,8,"Corncob","Weir","Igloo (Plastic)"
"289","CalR000200","1_7","Mouse","Whole Body","Cre","Dark",36.95,24.165,12.285,0.0453694405934343,0.978535730916667,113.417155956522,88.4276734173913,0.779230418913043,175.454347826087,13.0241208333333,-1,18.7617916666667,0.176320041666667,0.933166290323232,"2025-04-01T19:33:19Z","2025-04-03T06:33:19Z",35,"ResearchDiet 60 kcal% Fat 5.21kcal/g",5.21,10,"GDF3 KO","C57Bl/6","male",23,0,"Sable Systems: Promethion",NA,"BIDMC","none","Prasad_Kotikalapudi","1_7",23.484857542,4.231681,233.08755,338.4219,8,"Corncob","Weir","Igloo (Plastic)"
"290","CalR000200","1_8","Mouse","Whole Body","Control","Dark",35.65,23.465,11.7,0.0453078177067551,0.865445907916667,113.248067869565,87.9369255782609,0.775094205869565,178.097826086957,13.7734766666667,-1,19.8814291666667,0.1353630125,0.820138090209912,"2025-04-01T19:33:19Z","2025-04-03T06:33:19Z",35,"ResearchDiet 60 kcal% Fat 5.21kcal/g",5.21,10,"GDF3 KO","C57Bl/6","male",23,0,"Sable Systems: Promethion",NA,"BIDMC","none","Prasad_Kotikalapudi","1_8",20.77070179,3.2487123,230.03087,340.2545,8,"Corncob","Weir","Igloo (Plastic)"
"291","CalR000200","1_9","Mouse","Whole Body","Control","Dark",39.95,25.4,14.11,0.0463387420707071,0.565331347291667,115.923956321739,90.3396874956522,0.779225463478261,142.769565217391,14.6114625,-1,20.6038166666667,0.183819791666667,0.51899260522096,"2025-04-01T19:33:19Z","2025-04-03T06:33:19Z",35,"ResearchDiet 60 kcal% Fat 5.21kcal/g",5.21,10,"GDF3 KO","C57Bl/6","male",23,0,"Sable Systems: Promethion",NA,"BIDMC","none","Prasad_Kotikalapudi","1_9",13.567952335,4.411675,270.6515,381.1888,8,"Corncob","Weir","Igloo (Plastic)"
"292","CalR000200","2_17","Mouse","Whole Body","Control","Dark",36.65,24.88,11.775,0.0458096306786616,0.7057466,113.201480086956,94.2228953478261,0.832011518478261,156.365217391304,12.0916666666667,-1,16.0742666666667,0.234351083333333,0.659936969321338,"2025-04-01T19:33:19Z","2025-04-03T06:33:19Z",35,"ResearchDiet 60 kcal% Fat 5.21kcal/g",5.21,10,"GDF3 KO","C57Bl/6","male",23,0,"Sable Systems: Promethion",NA,"BIDMC","none","Prasad_Kotikalapudi","2_17",16.9379184,5.624426,223.7655,295.8905,8,"Corncob","Weir","Igloo (Plastic)"
"293","CalR000200","2_18","Mouse","Whole Body","Cre","Dark",27.7,21.48,5.875,0.0458153814267677,0.73828826,113.178389478261,94.1258212173913,0.830943389130435,120.945652173913,18.0655,-1,21.5402333333333,0.219261583333333,0.692472878573232,"2025-04-01T19:33:19Z","2025-04-03T06:33:19Z",35,"ResearchDiet 60 kcal% Fat 5.21kcal/g",5.21,10,"GDF3 KO","C57Bl/6","male",23,0,"Sable Systems: Promethion",NA,"BIDMC","none","Prasad_Kotikalapudi","2_18",17.71891824,5.262278,305.3551,361.284,8,"Corncob","Weir","Igloo (Plastic)"
"294","CalR000200","2_19","Mouse","Whole Body","Control","Dark",34.35,26.71,6.76,0.0521636738352273,0.920309595833333,128.962403347826,107.32318653913,0.831692114782609,166.054347826087,16.8560675,-1,22.6609041666667,0.1961457375,0.868145921998106,"2025-04-01T19:33:19Z","2025-04-03T06:33:19Z",35,"ResearchDiet 60 kcal% Fat 5.21kcal/g",5.21,10,"GDF3 KO","C57Bl/6","male",23,0,"Sable Systems: Promethion",NA,"BIDMC","none","Prasad_Kotikalapudi","2_19",22.0874303,4.7074977,320.90061,424.2675,8,"Corncob","Weir","Igloo (Plastic)"
"295","CalR000200","1_1","Mouse","Whole Body","Control","Light",39.6,25.345,13.765,0.0411056347106482,0.141376244444444,102.8653487,79.4532299666667,0.772019270277778,81.6444444444444,6.91575555555556,-1,12.3491861111111,0.0361000555555556,0.100270609733796,"2025-04-03T06:33:19Z","2025-04-06T05:33:19Z",71,"ResearchDiet 60 kcal% Fat 5.21kcal/g",5.21,10,"GDF3 KO","C57Bl/6","male",23,0,"Sable Systems: Promethion",NA,"BIDMC","daily semaglutide injection","Prasad_Kotikalapudi","1_1",5.08954479999999,1.299602,135.7955,250.0315,8,"Corncob","Weir","Igloo (Plastic)"
"296","CalR000200","1_10","Mouse","Whole Body","Cre","Light",38.8,24.225,14.2,0.0434513076273148,0.284466,109.346103166667,81.8107535083333,0.746683276388889,74.4611111111111,6.04607777777778,-1,11.0995388888889,0.0252921944444444,0.241014692372685,"2025-04-03T06:33:19Z","2025-04-06T05:33:19Z",71,"ResearchDiet 60 kcal% Fat 5.21kcal/g",5.21,10,"GDF3 KO","C57Bl/6","male",23,0,"Sable Systems: Promethion",NA,"BIDMC","daily semaglutide injection","Prasad_Kotikalapudi","1_10",10.240776,0.910518999999999,121.7235,221.9827,8,"Corncob","Weir","Igloo (Plastic)"
"297","CalR000200","1_11","Mouse","Whole Body","Cre","Light",40.55,24.05,16.16,0.0426246685300926,0.318575435833333,107.601057416667,79.059904875,0.732575140972222,65.4736111111111,5.36799166666667,-1,10.1405416666667,0.0591838055555555,0.27595076730324,"2025-04-03T06:33:19Z","2025-04-06T05:33:19Z",71,"ResearchDiet 60 kcal% Fat 5.21kcal/g",5.21,10,"GDF3 KO","C57Bl/6","male",23,0,"Sable Systems: Promethion",NA,"BIDMC","daily semaglutide injection","Prasad_Kotikalapudi","1_11",11.46871569,2.130617,98.9956,185.4031,8,"Corncob","Weir","Igloo (Plastic)"
"298","CalR000200","1_12","Mouse","Whole Body","Control","Light",43.05,25.845,16.76,0.0420398964930555,0.305071839444444,106.016113575,78.3628014666667,0.737045251944444,72.6458333333333,7.45686944444444,-1,12.8144638888889,0.0372018611111111,0.263031942951389,"2025-04-03T06:33:19Z","2025-04-06T05:33:19Z",71,"ResearchDiet 60 kcal% Fat 5.21kcal/g",5.21,10,"GDF3 KO","C57Bl/6","male",23,0,"Sable Systems: Promethion",NA,"BIDMC","daily semaglutide injection","Prasad_Kotikalapudi","1_12",10.98258622,1.339267,153.3085,261.3663,8,"Corncob","Weir","Igloo (Plastic)"
"299","CalR000200","1_13","Mouse","Whole Body","Control","Light",34.25,26.02,8.37,0.0450718279861111,0.3303856375,113.281151083333,85.3715443083333,0.752187660555556,61.9152777777778,8.40555277777778,-1,13.1253083333333,0.0411206666666667,0.285313809513889,"2025-04-03T06:33:19Z","2025-04-06T05:33:19Z",71,"ResearchDiet 60 kcal% Fat 5.21kcal/g",5.21,10,"GDF3 KO","C57Bl/6","male",23,0,"Sable Systems: Promethion",NA,"BIDMC","daily semaglutide injection","Prasad_Kotikalapudi","1_13",11.89388295,1.480344,174.1869,264.9015,8,"Corncob","Weir","Igloo (Plastic)"
"300","CalR000200","1_14","Mouse","Whole Body","Cre","Light",35.85,23.945,11.285,0.0429215613310185,0.333295711944444,107.879643916667,81.2884799583333,0.752808590277778,70.4263888888889,8.47929166666667,-1,13.7041138888889,0.0769527777777779,0.290374150613426,"2025-04-03T06:33:19Z","2025-04-06T05:33:19Z",71,"ResearchDiet 60 kcal% Fat 5.21kcal/g",5.21,10,"GDF3 KO","C57Bl/6","male",23,0,"Sable Systems: Promethion",NA,"BIDMC","daily semaglutide injection","Prasad_Kotikalapudi","1_14",11.99864563,2.7703,177.1809,285.6617,8,"Corncob","Weir","Igloo (Plastic)"
"301","CalR000200","1_15","Mouse","Whole Body","Cre","Light",29.85,21.62,7.91,0.0376452227430555,0.303756459166667,94.7687997166667,70.7584369333333,0.745944278194444,65.0277777777778,11.5654583333333,-1,16.2035,0.0500572222222222,0.266111236423612,"2025-04-03T06:33:19Z","2025-04-06T05:33:19Z",71,"ResearchDiet 60 kcal% Fat 5.21kcal/g",5.21,10,"GDF3 KO","C57Bl/6","male",23,0,"Sable Systems: Promethion",NA,"BIDMC","daily semaglutide injection","Prasad_Kotikalapudi","1_15",10.93523253,1.80206,243.3559,340.9438,8,"Corncob","Weir","Igloo (Plastic)"
"302","CalR000200","1_16","Mouse","Whole Body","Control","Light",38.3,26.09,12.135,0.0379281591898148,6.36696154444444,95.667927175,70.6244209166667,0.736461899861111,40.6625,7.31701666666667,-1,10.3464055555556,0.0272265277777778,6.32903338525463,"2025-04-03T06:33:19Z","2025-04-06T05:33:19Z",71,"ResearchDiet 60 kcal% Fat 5.21kcal/g",5.21,10,"GDF3 KO","C57Bl/6","male",23,0,"Sable Systems: Promethion",NA,"BIDMC","daily semaglutide injection","Prasad_Kotikalapudi","1_16",229.2106156,0.980155000000001,159.0361,225.9602,8,"Corncob","Weir","Igloo (Plastic)"
"303","CalR000200","1_2","Mouse","Whole Body","Cre","Light",34.75,23.71,10.58,0.0348091650925926,0.267547972222222,87.3258949916667,66.5087092916667,0.759716878611111,42.0708333333333,7.73872777777778,-1,11.0868888888889,0.0433459722222223,0.232738807129629,"2025-04-03T06:33:19Z","2025-04-06T05:33:19Z",71,"ResearchDiet 60 kcal% Fat 5.21kcal/g",5.21,10,"GDF3 KO","C57Bl/6","male",23,0,"Sable Systems: Promethion",NA,"BIDMC","daily semaglutide injection","Prasad_Kotikalapudi","1_2",9.63172699999999,1.560455,166.6451,240.4797,8,"Corncob","Weir","Igloo (Plastic)"
"304","CalR000200","1_3","Mouse","Whole Body","Cre","Light",30,22.365,7.51,0.0319825044212963,0.360033721388889,80.210706775,61.1931826916667,0.761074353194444,49.4944444444444,4.47833055555556,-1,8.00210555555556,0.0709087222222223,0.328051216967592,"2025-04-03T06:33:19Z","2025-04-06T05:33:19Z",71,"ResearchDiet 60 kcal% Fat 5.21kcal/g",5.21,10,"GDF3 KO","C57Bl/6","male",23,0,"Sable Systems: Promethion",NA,"BIDMC","daily semaglutide injection","Prasad_Kotikalapudi","1_3",12.96121397,2.552714,82.0523,142.7302,8,"Corncob","Weir","Igloo (Plastic)"
"305","CalR000200","1_4","Mouse","Whole Body","Control","Light",41.75,25.02,16.17,0.0386565690625,0.699335260833333,96.8354114833333,74.3675100833333,0.766137917638889,49.7333333333333,8.69907222222222,-1,12.7828666666667,0.0939564166666667,0.660678691770833,"2025-04-03T06:33:19Z","2025-04-06T05:33:19Z",71,"ResearchDiet 60 kcal% Fat 5.21kcal/g",5.21,10,"GDF3 KO","C57Bl/6","male",23,0,"Sable Systems: Promethion",NA,"BIDMC","daily semaglutide injection","Prasad_Kotikalapudi","1_4",25.17606939,3.382431,180.9422,262.4837,8,"Corncob","Weir","Igloo (Plastic)"
"306","CalR000200","1_5","Mouse","Whole Body","Control","Light",34.05,24.345,9.07,0.0335594061689815,0.629557296666667,83.9468393333333,64.9894945083333,0.773464659722222,83.4708333333333,9.0719,-1,14.0282388888889,0.080362,0.595997890497685,"2025-04-03T06:33:19Z","2025-04-06T05:33:19Z",71,"ResearchDiet 60 kcal% Fat 5.21kcal/g",5.21,10,"GDF3 KO","C57Bl/6","male",23,0,"Sable Systems: Promethion",NA,"BIDMC","daily semaglutide injection","Prasad_Kotikalapudi","1_5",22.66406268,2.893032,171.8432,264.2242,8,"Corncob","Weir","Igloo (Plastic)"
"307","CalR000200","1_6","Mouse","Whole Body","Cre","Light",35.95,24.13,11.25,0.0365480220659722,0.231696225555555,91.3588666083333,71.0044969416667,0.772736731805556,81.5194444444444,7.52824166666666,-1,12.7909666666667,0.0562481111111111,0.195148203489583,"2025-04-03T06:33:19Z","2025-04-06T05:33:19Z",71,"ResearchDiet 60 kcal% Fat 5.21kcal/g",5.21,10,"GDF3 KO","C57Bl/6","male",23,0,"Sable Systems: Promethion",NA,"BIDMC","daily semaglutide injection","Prasad_Kotikalapudi","1_6",8.34106412,2.024932,151.1106,256.6752,8,"Corncob","Weir","Igloo (Plastic)"
"308","CalR000200","1_7","Mouse","Whole Body","Cre","Light",36.95,24.165,12.285,0.0355154170717593,1.07729254,89.2545967166667,67.2989509416667,0.752532290416667,62.1680555555555,7.5115,-1,11.9724777777778,0.0833541666666667,1.04177712292824,"2025-04-03T06:33:19Z","2025-04-06T05:33:19Z",71,"ResearchDiet 60 kcal% Fat 5.21kcal/g",5.21,10,"GDF3 KO","C57Bl/6","male",23,0,"Sable Systems: Promethion",NA,"BIDMC","daily semaglutide injection","Prasad_Kotikalapudi","1_7",38.78253144,3.00075,143.6124,231.0715,8,"Corncob","Weir","Igloo (Plastic)"
"309","CalR000200","1_8","Mouse","Whole Body","Control","Light",35.65,23.465,11.7,0.0372239930439815,0.316333109722222,93.5823307666667,70.41587195,0.751165491527778,75.2583333333333,5.73975833333334,-1,11.13685,0.0416011666666666,0.279109116678241,"2025-04-03T06:33:19Z","2025-04-06T05:33:19Z",71,"ResearchDiet 60 kcal% Fat 5.21kcal/g",5.21,10,"GDF3 KO","C57Bl/6","male",23,0,"Sable Systems: Promethion",NA,"BIDMC","daily semaglutide injection","Prasad_Kotikalapudi","1_8",11.38799195,1.497642,111.79,218.5967,8,"Corncob","Weir","Igloo (Plastic)"
"310","CalR000200","1_9","Mouse","Whole Body","Control","Light",39.95,25.4,14.11,0.0366353927546296,0.183424128333333,92.152658525,69.1239504916667,0.747909913333333,53.3319444444445,8.33976666666666,-1,13.6780277777778,0.0271661944444445,0.146788735578704,"2025-04-03T06:33:19Z","2025-04-06T05:33:19Z",71,"ResearchDiet 60 kcal% Fat 5.21kcal/g",5.21,10,"GDF3 KO","C57Bl/6","male",23,0,"Sable Systems: Promethion",NA,"BIDMC","daily semaglutide injection","Prasad_Kotikalapudi","1_9",6.60326862,0.977983000000001,154.0379,253.5477,8,"Corncob","Weir","Igloo (Plastic)"
"311","CalR000200","2_17","Mouse","Whole Body","Control","Light",36.65,24.88,11.775,0.037902973900463,0.222485379722222,94.2356186666667,75.454898225,0.800625706944444,61.7208333333333,11.4179472222222,-1,15.7831111111111,0.0862784999999999,0.184582405821759,"2025-04-03T06:33:19Z","2025-04-06T05:33:19Z",71,"ResearchDiet 60 kcal% Fat 5.21kcal/g",5.21,10,"GDF3 KO","C57Bl/6","male",23,0,"Sable Systems: Promethion",NA,"BIDMC","daily semaglutide injection","Prasad_Kotikalapudi","2_17",8.00947367,3.106026,238.991,331.7324,8,"Corncob","Weir","Igloo (Plastic)"
"312","CalR000200","2_18","Mouse","Whole Body","Cre","Light",27.7,21.48,5.875,0.0341485906712963,0.495201237777778,84.702854,68.6881901083333,0.810594154861111,35.3541666666667,9.679925,-1,12.2212361111111,0.0439110277777778,0.461052647106482,"2025-04-03T06:33:19Z","2025-04-06T05:33:19Z",71,"ResearchDiet 60 kcal% Fat 5.21kcal/g",5.21,10,"GDF3 KO","C57Bl/6","male",23,0,"Sable Systems: Promethion",NA,"BIDMC","daily semaglutide injection","Prasad_Kotikalapudi","2_18",17.82724456,1.580797,205.5279,257.9969,8,"Corncob","Weir","Igloo (Plastic)"
"313","CalR000200","2_19","Mouse","Whole Body","Control","Light",34.35,26.71,6.76,0.0413032070486111,0.303354855,102.729029725,82.0826176,0.7971878375,87.1319444444444,11.8239916666667,-1,17.5381583333333,0.0676464722222221,0.262051647951389,"2025-04-03T06:33:19Z","2025-04-06T05:33:19Z",71,"ResearchDiet 60 kcal% Fat 5.21kcal/g",5.21,10,"GDF3 KO","C57Bl/6","male",23,0,"Sable Systems: Promethion",NA,"BIDMC","daily semaglutide injection","Prasad_Kotikalapudi","2_19",10.92077478,2.435273,216.5102,325.8777,8,"Corncob","Weir","Igloo (Plastic)"
"314","CalR000200","1_1","Mouse","Whole Body","Control","Full day",39.6,25.345,13.765,0.0210122912788094,0.435372926388889,105.191929284507,81.1048539971831,0.770507488661972,97.2464788732394,4.64590416666667,-1,8.51843611111111,0.0427987916666667,0.414360635110079,"2025-04-03T06:33:19Z","2025-04-06T05:33:19Z",71,"ResearchDiet 60 kcal% Fat 5.21kcal/g",5.21,10,"GDF3 KO","C57Bl/6","male",23,0,"Sable Systems: Promethion",NA,"BIDMC","daily semaglutide injection","Prasad_Kotikalapudi","1_1",31.3468507,3.081513,162.9217,308.2456,8,"Corncob","Weir","Igloo (Plastic)"
"315","CalR000200","1_10","Mouse","Whole Body","Cre","Full day",38.8,24.225,14.2,0.0219814669584088,0.332845191666667,110.695275295775,82.5179099577465,0.744234195422535,83.4161971830986,4.23909166666667,-1,7.72881805555556,0.0315348333333333,0.310863724708258,"2025-04-03T06:33:19Z","2025-04-06T05:33:19Z",71,"ResearchDiet 60 kcal% Fat 5.21kcal/g",5.21,10,"GDF3 KO","C57Bl/6","male",23,0,"Sable Systems: Promethion",NA,"BIDMC","daily semaglutide injection","Prasad_Kotikalapudi","1_10",23.9648538,2.270508,151.5516,276.2174,8,"Corncob","Weir","Igloo (Plastic)"
"316","CalR000200","1_11","Mouse","Whole Body","Cre","Full day",40.55,24.05,16.16,0.0213569285794082,0.726831687083333,107.81872571831,79.0869627380282,0.731741241267606,62.8211267605634,3.44020277777778,-1,6.5026125,0.058099125,0.705474758503925,"2025-04-03T06:33:19Z","2025-04-06T05:33:19Z",71,"ResearchDiet 60 kcal% Fat 5.21kcal/g",5.21,10,"GDF3 KO","C57Bl/6","male",23,0,"Sable Systems: Promethion",NA,"BIDMC","daily semaglutide injection","Prasad_Kotikalapudi","1_11",52.33188147,4.183137,119.0202,221.3558,8,"Corncob","Weir","Igloo (Plastic)"
"317","CalR000200","1_12","Mouse","Whole Body","Control","Full day",43.05,25.845,16.76,0.0220442998851399,0.407365124166666,111.144215277465,82.3798963985916,0.739472717887324,87.2014084507042,5.36892638888889,-1,9.20214861111111,0.0626438194444445,0.385320824281527,"2025-04-03T06:33:19Z","2025-04-06T05:33:19Z",71,"ResearchDiet 60 kcal% Fat 5.21kcal/g",5.21,10,"GDF3 KO","C57Bl/6","male",23,0,"Sable Systems: Promethion",NA,"BIDMC","daily semaglutide injection","Prasad_Kotikalapudi","1_12",29.33028894,4.510355,194.3138,329.7318,8,"Corncob","Weir","Igloo (Plastic)"
"318","CalR000200","1_13","Mouse","Whole Body","Control","Full day",34.25,26.02,8.37,0.0241929847647444,0.45997006,121.571901253521,91.7413135943662,0.753429553591549,70.0535211267606,5.88010138888889,-1,9.07981666666667,0.0549029583333333,0.435777075235256,"2025-04-03T06:33:19Z","2025-04-06T05:33:19Z",71,"ResearchDiet 60 kcal% Fat 5.21kcal/g",5.21,10,"GDF3 KO","C57Bl/6","male",23,0,"Sable Systems: Promethion",NA,"BIDMC","daily semaglutide injection","Prasad_Kotikalapudi","1_13",33.11784432,3.953013,209.7365,318.3932,8,"Corncob","Weir","Igloo (Plastic)"
"319","CalR000200","1_14","Mouse","Whole Body","Cre","Full day",35.85,23.945,11.285,0.0223370907357085,0.400447474305556,112.348705605634,84.7218133859155,0.753185607676056,93.2323943661972,6.25628055555556,-1,10.0634388888889,0.09195225,0.378110383569847,"2025-04-03T06:33:19Z","2025-04-06T05:33:19Z",71,"ResearchDiet 60 kcal% Fat 5.21kcal/g",5.21,10,"GDF3 KO","C57Bl/6","male",23,0,"Sable Systems: Promethion",NA,"BIDMC","daily semaglutide injection","Prasad_Kotikalapudi","1_14",28.83221815,6.620562,211.895,345.7853,8,"Corncob","Weir","Igloo (Plastic)"
"320","CalR000200","1_15","Mouse","Whole Body","Cre","Full day",29.85,21.62,7.91,0.0194933965499195,0.461157722916667,98.1144618422535,73.4295965704225,0.747715721971831,79.2859154929577,8.10174305555556,-1,11.3845097222222,0.0537752777777778,0.441664326366747,"2025-04-03T06:33:19Z","2025-04-06T05:33:19Z",71,"ResearchDiet 60 kcal% Fat 5.21kcal/g",5.21,10,"GDF3 KO","C57Bl/6","male",23,0,"Sable Systems: Promethion",NA,"BIDMC","daily semaglutide injection","Prasad_Kotikalapudi","1_15",33.20335605,3.87182,275.1435,391.2943,8,"Corncob","Weir","Igloo (Plastic)"
"321","CalR000200","1_16","Mouse","Whole Body","Control","Full day",38.3,26.09,12.135,0.019864084624849,11.5819696569444,100.325212821127,73.7273664422535,0.733524191267606,48.7971830985916,5.18675,-1,7.37486388888889,0.0596038472222222,11.5621055723196,"2025-04-03T06:33:19Z","2025-04-06T05:33:19Z",71,"ResearchDiet 60 kcal% Fat 5.21kcal/g",5.21,10,"GDF3 KO","C57Bl/6","male",23,0,"Sable Systems: Promethion",NA,"BIDMC","daily semaglutide injection","Prasad_Kotikalapudi","1_16",833.9018153,4.291477,188.5933,270.2909,8,"Corncob","Weir","Igloo (Plastic)"
"322","CalR000200","1_2","Mouse","Whole Body","Cre","Full day",34.75,23.71,10.58,0.0183733631872736,0.587227059722222,92.0597727,70.583811828169,0.764786586338028,66.5711267605634,6.00764861111111,-1,8.61248888888889,0.0618874722222222,0.568853696534949,"2025-04-03T06:33:19Z","2025-04-06T05:33:19Z",71,"ResearchDiet 60 kcal% Fat 5.21kcal/g",5.21,10,"GDF3 KO","C57Bl/6","male",23,0,"Sable Systems: Promethion",NA,"BIDMC","daily semaglutide injection","Prasad_Kotikalapudi","1_2",42.2803483,4.455898,218.9733,316.7528,8,"Corncob","Weir","Igloo (Plastic)"
"323","CalR000200","1_3","Mouse","Whole Body","Cre","Full day",30,22.365,7.51,0.0164841214569495,0.585914573888889,82.8522533492958,62.7641051957746,0.755914919014084,54.2450704225352,3.09759444444444,-1,5.45324583333333,0.0585453055555556,0.569430452431939,"2025-04-03T06:33:19Z","2025-04-06T05:33:19Z",71,"ResearchDiet 60 kcal% Fat 5.21kcal/g",5.21,10,"GDF3 KO","C57Bl/6","male",23,0,"Sable Systems: Promethion",NA,"BIDMC","daily semaglutide injection","Prasad_Kotikalapudi","1_3",42.18584932,4.215262,108.1029,184.5199,8,"Corncob","Weir","Igloo (Plastic)"
"324","CalR000200","1_4","Mouse","Whole Body","Control","Full day",41.75,25.02,16.17,0.0200648367057921,0.619152854305555,100.670157076056,76.8987272577465,0.762217015140845,63.4767605633803,6.16949444444444,-1,9.03111527777778,0.0679707361111111,0.599088017599763,"2025-04-03T06:33:19Z","2025-04-06T05:33:19Z",71,"ResearchDiet 60 kcal% Fat 5.21kcal/g",5.21,10,"GDF3 KO","C57Bl/6","male",23,0,"Sable Systems: Promethion",NA,"BIDMC","daily semaglutide injection","Prasad_Kotikalapudi","1_4",44.57900551,4.893893,214.5697,314.0371,8,"Corncob","Weir","Igloo (Plastic)"
"325","CalR000200","1_5","Mouse","Whole Body","Control","Full day",34.05,24.345,9.07,0.0172579836433172,0.640101830138889,86.4723505352113,66.7053267211268,0.770446627676056,72.7380281690141,5.71665833333333,-1,8.81568333333333,0.054828875,0.622843846495572,"2025-04-03T06:33:19Z","2025-04-06T05:33:19Z",71,"ResearchDiet 60 kcal% Fat 5.21kcal/g",5.21,10,"GDF3 KO","C57Bl/6","male",23,0,"Sable Systems: Promethion",NA,"BIDMC","daily semaglutide injection","Prasad_Kotikalapudi","1_5",46.08733177,3.947679,193.6343,298.5005,8,"Corncob","Weir","Igloo (Plastic)"
"326","CalR000200","1_6","Mouse","Whole Body","Cre","Full day",35.95,24.13,11.25,0.0186366640556436,0.277700815,93.3501182239437,71.8979804957746,0.767773724225352,95.3084507042254,5.51322777777778,-1,9.19375416666667,0.0545482916666666,0.259064150944356,"2025-04-03T06:33:19Z","2025-04-06T05:33:19Z",71,"ResearchDiet 60 kcal% Fat 5.21kcal/g",5.21,10,"GDF3 KO","C57Bl/6","male",23,0,"Sable Systems: Promethion",NA,"BIDMC","daily semaglutide injection","Prasad_Kotikalapudi","1_6",19.99445868,3.927477,198.5742,330.4211,8,"Corncob","Weir","Igloo (Plastic)"
"327","CalR000200","1_7","Mouse","Whole Body","Cre","Full day",36.95,24.165,12.285,0.0184650817519626,1.34509131583333,93.0627094901408,69.2868007732394,0.743774352394366,70.4781690140845,5.15790833333333,-1,8.19867361111111,0.0923353194444444,1.32662623408137,"2025-04-03T06:33:19Z","2025-04-06T05:33:19Z",71,"ResearchDiet 60 kcal% Fat 5.21kcal/g",5.21,10,"GDF3 KO","C57Bl/6","male",23,0,"Sable Systems: Promethion",NA,"BIDMC","daily semaglutide injection","Prasad_Kotikalapudi","1_7",96.84657474,6.648143,172.439,274.4773,8,"Corncob","Weir","Igloo (Plastic)"
"328","CalR000200","1_8","Mouse","Whole Body","Control","Full day",35.65,23.465,11.7,0.0192676534088164,0.316507210555555,96.8894244591549,72.7652040126761,0.749848097535211,90.5683098591549,3.96734861111111,-1,7.76478472222222,0.0448927222222222,0.297239557146739,"2025-04-03T06:33:19Z","2025-04-06T05:33:19Z",71,"ResearchDiet 60 kcal% Fat 5.21kcal/g",5.21,10,"GDF3 KO","C57Bl/6","male",23,0,"Sable Systems: Promethion",NA,"BIDMC","daily semaglutide injection","Prasad_Kotikalapudi","1_8",22.78851916,3.232276,141.2879,276.6727,8,"Corncob","Weir","Igloo (Plastic)"
"329","CalR000200","1_9","Mouse","Whole Body","Control","Full day",39.95,25.4,14.11,0.0188154582245119,0.313811614444444,94.7126365309859,71.260954128169,0.749981232183099,64.137323943662,5.669875,-1,9.29958611111111,0.0471114027777778,0.294996156219933,"2025-04-03T06:33:19Z","2025-04-06T05:33:19Z",71,"ResearchDiet 60 kcal% Fat 5.21kcal/g",5.21,10,"GDF3 KO","C57Bl/6","male",23,0,"Sable Systems: Promethion",NA,"BIDMC","daily semaglutide injection","Prasad_Kotikalapudi","1_9",22.59443624,3.392021,178.2121,299.8648,8,"Corncob","Weir","Igloo (Plastic)"
"330","CalR000200","2_17","Mouse","Whole Body","Control","Full day",36.65,24.88,11.775,0.0198772212577999,0.2584798225,98.9179513098591,78.7924508450704,0.796214375774648,84.606338028169,8.57170833333333,-1,11.8215972222222,0.0813120277777778,0.2386026012422,"2025-04-03T06:33:19Z","2025-04-06T05:33:19Z",71,"ResearchDiet 60 kcal% Fat 5.21kcal/g",5.21,10,"GDF3 KO","C57Bl/6","male",23,0,"Sable Systems: Promethion",NA,"BIDMC","daily semaglutide injection","Prasad_Kotikalapudi","2_17",18.61054722,5.854466,296.9693,417.3451,8,"Corncob","Weir","Igloo (Plastic)"
"331","CalR000200","2_18","Mouse","Whole Body","Cre","Full day",27.7,21.48,5.875,0.0176795566411282,0.494630959861111,87.7358145633803,71.3888579028169,0.812893529014085,44.0281690140845,7.16464444444444,-1,8.93531527777778,0.0539425277777778,0.476951403219983,"2025-04-03T06:33:19Z","2025-04-06T05:33:19Z",71,"ResearchDiet 60 kcal% Fat 5.21kcal/g",5.21,10,"GDF3 KO","C57Bl/6","male",23,0,"Sable Systems: Promethion",NA,"BIDMC","daily semaglutide injection","Prasad_Kotikalapudi","2_18",35.61342911,3.883862,245.6561,307.5673,8,"Corncob","Weir","Igloo (Plastic)"
"332","CalR000200","2_19","Mouse","Whole Body","Control","Full day",34.35,26.71,6.76,0.0217979550466737,0.406663366111111,108.466799142254,86.8676896774648,0.799432482394366,90.5619718309859,7.64848472222222,-1,11.3795361111111,0.0688600972222222,0.384865411064437,"2025-04-03T06:33:19Z","2025-04-06T05:33:19Z",71,"ResearchDiet 60 kcal% Fat 5.21kcal/g",5.21,10,"GDF3 KO","C57Bl/6","male",23,0,"Sable Systems: Promethion",NA,"BIDMC","daily semaglutide injection","Prasad_Kotikalapudi","2_19",29.27976236,4.957927,244.9524,370.4967,8,"Corncob","Weir","Igloo (Plastic)"
"333","CalR000200","1_1","Mouse","Whole Body","Control","Dark",39.6,25.345,13.765,0.0429918232270623,0.729369608333334,107.5849836,82.8036672857143,0.768952513285714,113.294285714286,9.29180833333333,-1,17.0368722222222,0.0494975277777778,0.686377785106271,"2025-04-03T06:33:19Z","2025-04-06T05:33:19Z",71,"ResearchDiet 60 kcal% Fat 5.21kcal/g",5.21,10,"GDF3 KO","C57Bl/6","male",23,0,"Sable Systems: Promethion",NA,"BIDMC","daily semaglutide injection","Prasad_Kotikalapudi","1_1",26.2573059,1.781911,162.9217,308.2456,8,"Corncob","Weir","Igloo (Plastic)"
"334","CalR000200","1_10","Mouse","Whole Body","Cre","Dark",38.8,24.225,14.2,0.0444941655776515,0.381224383333334,112.0829952,83.2452708771429,0.741715140714286,92.6271428571429,8.47818333333333,-1,15.4576361111111,0.0377774722222222,0.336730217755683,"2025-04-03T06:33:19Z","2025-04-06T05:33:19Z",71,"ResearchDiet 60 kcal% Fat 5.21kcal/g",5.21,10,"GDF3 KO","C57Bl/6","male",23,0,"Sable Systems: Promethion",NA,"BIDMC","daily semaglutide injection","Prasad_Kotikalapudi","1_10",13.7240778,1.359989,151.5516,276.2174,8,"Corncob","Weir","Igloo (Plastic)"
"335","CalR000200","1_11","Mouse","Whole Body","Cre","Dark",40.55,24.05,16.16,0.0428514073653199,1.13508793833333,108.042613114286,79.1147936828571,0.730883515857143,60.0928571428571,6.88040555555556,-1,13.005225,0.0570144444444445,1.09223653096801,"2025-04-03T06:33:19Z","2025-04-06T05:33:19Z",71,"ResearchDiet 60 kcal% Fat 5.21kcal/g",5.21,10,"GDF3 KO","C57Bl/6","male",23,0,"Sable Systems: Promethion",NA,"BIDMC","daily semaglutide injection","Prasad_Kotikalapudi","1_11",40.86316578,2.05252,119.0202,221.3558,8,"Corncob","Weir","Igloo (Plastic)"
"336","CalR000200","1_12","Mouse","Whole Body","Control","Dark",43.05,25.845,16.76,0.0462397279903199,0.509658408888889,116.418834171429,86.5117654714286,0.74196954,102.172857142857,10.7378527777778,-1,18.4042972222222,0.0880857777777778,0.463418680898569,"2025-04-03T06:33:19Z","2025-04-06T05:33:19Z",71,"ResearchDiet 60 kcal% Fat 5.21kcal/g",5.21,10,"GDF3 KO","C57Bl/6","male",23,0,"Sable Systems: Promethion",NA,"BIDMC","daily semaglutide injection","Prasad_Kotikalapudi","1_12",18.34770272,3.171088,194.3138,329.7318,8,"Corncob","Weir","Igloo (Plastic)"
"337","CalR000200","1_13","Mouse","Whole Body","Control","Dark",34.25,26.02,8.37,0.0518595084943182,0.5895544825,130.09953,98.2930762885714,0.754706929285714,78.4242857142857,11.7602027777778,-1,18.1596333333333,0.0686852499999999,0.537694974005682,"2025-04-03T06:33:19Z","2025-04-06T05:33:19Z",71,"ResearchDiet 60 kcal% Fat 5.21kcal/g",5.21,10,"GDF3 KO","C57Bl/6","male",23,0,"Sable Systems: Promethion",NA,"BIDMC","daily semaglutide injection","Prasad_Kotikalapudi","1_13",21.22396137,2.472669,209.7365,318.3932,8,"Corncob","Weir","Igloo (Plastic)"
"338","CalR000200","1_14","Mouse","Whole Body","Cre","Dark",35.85,23.945,11.285,0.0464666066024832,0.467599236666667,116.945454771429,88.2532420542857,0.753573397,116.69,12.5125611111111,-1,20.1268777777778,0.106951722222222,0.421132630064184,"2025-04-03T06:33:19Z","2025-04-06T05:33:19Z",71,"ResearchDiet 60 kcal% Fat 5.21kcal/g",5.21,10,"GDF3 KO","C57Bl/6","male",23,0,"Sable Systems: Promethion",NA,"BIDMC","daily semaglutide injection","Prasad_Kotikalapudi","1_14",16.83357252,3.850262,211.895,345.7853,8,"Corncob","Weir","Igloo (Plastic)"
"339","CalR000200","1_15","Mouse","Whole Body","Cre","Dark",29.85,21.62,7.91,0.0403668328977273,0.618558986666666,101.555714314286,76.1770750542857,0.749537778428571,93.9514285714286,16.2034861111111,-1,22.7690194444444,0.0574933333333333,0.578192153768939,"2025-04-03T06:33:19Z","2025-04-06T05:33:19Z",71,"ResearchDiet 60 kcal% Fat 5.21kcal/g",5.21,10,"GDF3 KO","C57Bl/6","male",23,0,"Sable Systems: Promethion",NA,"BIDMC","daily semaglutide injection","Prasad_Kotikalapudi","1_15",22.26812352,2.06976,275.1435,391.2943,8,"Corncob","Weir","Igloo (Plastic)"
"340","CalR000200","1_16","Mouse","Whole Body","Control","Dark",38.3,26.09,12.135,0.0415842865488215,16.7969777694444,105.115563771429,76.9189675542857,0.730502548142857,57.1642857142857,10.3735,-1,14.7497277777778,0.0919811666666666,16.7553934828956,"2025-04-03T06:33:19Z","2025-04-06T05:33:19Z",71,"ResearchDiet 60 kcal% Fat 5.21kcal/g",5.21,10,"GDF3 KO","C57Bl/6","male",23,0,"Sable Systems: Promethion",NA,"BIDMC","daily semaglutide injection","Prasad_Kotikalapudi","1_16",604.6911997,3.311322,188.5933,270.2909,8,"Corncob","Weir","Igloo (Plastic)"
"341","CalR000200","1_2","Mouse","Whole Body","Cre","Dark",34.75,23.71,10.58,0.0387534597706229,0.906906147222223,96.9289040571429,74.7753458657143,0.770001142857143,91.7714285714286,12.0152972222222,-1,17.2249777777778,0.0804289722222222,0.8681526874516,"2025-04-03T06:33:19Z","2025-04-06T05:33:19Z",71,"ResearchDiet 60 kcal% Fat 5.21kcal/g",5.21,10,"GDF3 KO","C57Bl/6","male",23,0,"Sable Systems: Promethion",NA,"BIDMC","daily semaglutide injection","Prasad_Kotikalapudi","1_2",32.6486213,2.895443,218.9733,316.7528,8,"Corncob","Weir","Igloo (Plastic)"
"342","CalR000200","1_3","Mouse","Whole Body","Cre","Dark",30,22.365,7.51,0.033995404486532,0.811795426388889,85.5692726828571,64.3799112,0.750608072428571,59.1314285714286,6.19518888888889,-1,10.9064916666667,0.0461818888888889,0.777800021902357,"2025-04-03T06:33:19Z","2025-04-06T05:33:19Z",71,"ResearchDiet 60 kcal% Fat 5.21kcal/g",5.21,10,"GDF3 KO","C57Bl/6","male",23,0,"Sable Systems: Promethion",NA,"BIDMC","daily semaglutide injection","Prasad_Kotikalapudi","1_3",29.22463535,1.662548,108.1029,184.5199,8,"Corncob","Weir","Igloo (Plastic)"
"343","CalR000200","1_4","Mouse","Whole Body","Control","Dark",41.75,25.02,16.17,0.0416596389888468,0.538970447777778,104.614466828571,79.5022649228571,0.758184086857143,77.6128571428571,12.3389888888889,-1,18.0622305555556,0.0419850555555555,0.497310808788931,"2025-04-03T06:33:19Z","2025-04-06T05:33:19Z",71,"ResearchDiet 60 kcal% Fat 5.21kcal/g",5.21,10,"GDF3 KO","C57Bl/6","male",23,0,"Sable Systems: Promethion",NA,"BIDMC","daily semaglutide injection","Prasad_Kotikalapudi","1_4",19.40293612,1.511462,214.5697,314.0371,8,"Corncob","Weir","Igloo (Plastic)"
"344","CalR000200","1_5","Mouse","Whole Body","Control","Dark",34.05,24.345,9.07,0.0355164106218434,0.650646363611111,89.0700192,68.4701827114286,0.767342366142857,61.6985714285714,11.4333166666667,-1,17.6313666666667,0.02929575,0.615129952989268,"2025-04-03T06:33:19Z","2025-04-06T05:33:19Z",71,"ResearchDiet 60 kcal% Fat 5.21kcal/g",5.21,10,"GDF3 KO","C57Bl/6","male",23,0,"Sable Systems: Promethion",NA,"BIDMC","daily semaglutide injection","Prasad_Kotikalapudi","1_5",23.42326909,1.054647,193.6343,298.5005,8,"Corncob","Weir","Igloo (Plastic)"
"345","CalR000200","1_6","Mouse","Whole Body","Cre","Dark",35.95,24.13,11.25,0.0380725716340488,0.323705404444445,95.3982627428571,72.8169921514286,0.762668916428571,109.491428571429,11.0264555555556,-1,18.3875083333333,0.0528484722222222,0.285632832810396,"2025-04-03T06:33:19Z","2025-04-06T05:33:19Z",71,"ResearchDiet 60 kcal% Fat 5.21kcal/g",5.21,10,"GDF3 KO","C57Bl/6","male",23,0,"Sable Systems: Promethion",NA,"BIDMC","daily semaglutide injection","Prasad_Kotikalapudi","1_6",11.65339456,1.902545,198.5742,330.4211,8,"Corncob","Weir","Igloo (Plastic)"
"346","CalR000200","1_7","Mouse","Whole Body","Cre","Dark",36.95,24.165,12.285,0.0384131977967172,1.61289009166667,96.9796254857143,71.3314463142857,0.734766187571429,79.0257142857143,10.3158166666667,-1,16.3973472222222,0.101316472222222,1.57447689386995,"2025-04-03T06:33:19Z","2025-04-06T05:33:19Z",71,"ResearchDiet 60 kcal% Fat 5.21kcal/g",5.21,10,"GDF3 KO","C57Bl/6","male",23,0,"Sable Systems: Promethion",NA,"BIDMC","daily semaglutide injection","Prasad_Kotikalapudi","1_7",58.0640433,3.647393,172.439,274.4773,8,"Corncob","Weir","Igloo (Plastic)"
"347","CalR000200","1_8","Mouse","Whole Body","Control","Dark",35.65,23.465,11.7,0.0399344855986953,0.316681311388889,100.291006542857,75.1816598485714,0.748493063714286,106.315714285714,7.93469722222222,-1,15.5295694444444,0.0481842777777777,0.276746825790193,"2025-04-03T06:33:19Z","2025-04-06T05:33:19Z",71,"ResearchDiet 60 kcal% Fat 5.21kcal/g",5.21,10,"GDF3 KO","C57Bl/6","male",23,0,"Sable Systems: Promethion",NA,"BIDMC","daily semaglutide injection","Prasad_Kotikalapudi","1_8",11.40052721,1.734634,141.2879,276.6727,8,"Corncob","Weir","Igloo (Plastic)"
"348","CalR000200","1_9","Mouse","Whole Body","Control","Dark",39.95,25.4,14.11,0.038696342996633,0.444199100555555,97.3457567657143,73.4590150114286,0.752111731571429,75.2514285714286,11.33975,-1,18.5991722222222,0.0670566111111111,0.405502757558922,"2025-04-03T06:33:19Z","2025-04-06T05:33:19Z",71,"ResearchDiet 60 kcal% Fat 5.21kcal/g",5.21,10,"GDF3 KO","C57Bl/6","male",23,0,"Sable Systems: Promethion",NA,"BIDMC","daily semaglutide injection","Prasad_Kotikalapudi","1_9",15.99116762,2.414038,178.2121,299.8648,8,"Corncob","Weir","Igloo (Plastic)"
"349","CalR000200","2_17","Mouse","Whole Body","Control","Dark",36.65,24.88,11.775,0.0416920817708333,0.294474265277778,103.734064885714,82.2253621114286,0.791677006571429,108.145714285714,17.1434166666667,-1,23.6431944444444,0.0763455555555556,0.252782183506944,"2025-04-03T06:33:19Z","2025-04-06T05:33:19Z",71,"ResearchDiet 60 kcal% Fat 5.21kcal/g",5.21,10,"GDF3 KO","C57Bl/6","male",23,0,"Sable Systems: Promethion",NA,"BIDMC","daily semaglutide injection","Prasad_Kotikalapudi","2_17",10.60107355,2.74844,296.9693,417.3451,8,"Corncob","Weir","Igloo (Plastic)"
"350","CalR000200","2_18","Mouse","Whole Body","Cre","Dark",27.7,21.48,5.875,0.036604121869739,0.494060681944445,90.8554311428571,74.1666876342857,0.815258599571429,52.95,14.3292888888889,-1,17.8706305555556,0.0639740277777777,0.457456560074705,"2025-04-03T06:33:19Z","2025-04-06T05:33:19Z",71,"ResearchDiet 60 kcal% Fat 5.21kcal/g",5.21,10,"GDF3 KO","C57Bl/6","male",23,0,"Sable Systems: Promethion",NA,"BIDMC","daily semaglutide injection","Prasad_Kotikalapudi","2_18",17.78618455,2.303065,245.6561,307.5673,8,"Corncob","Weir","Igloo (Plastic)"
"351","CalR000200","2_19","Mouse","Whole Body","Control","Dark",34.35,26.71,6.76,0.0459728091045875,0.509971877222222,114.368504828571,91.7894781,0.80174126,94.09,15.2969694444444,-1,22.7590722222222,0.0700737222222223,0.463999068117635,"2025-04-03T06:33:19Z","2025-04-06T05:33:19Z",71,"ResearchDiet 60 kcal% Fat 5.21kcal/g",5.21,10,"GDF3 KO","C57Bl/6","male",23,0,"Sable Systems: Promethion",NA,"BIDMC","daily semaglutide injection","Prasad_Kotikalapudi","2_19",18.35898758,2.522654,244.9524,370.4967,8,"Corncob","Weir","Igloo (Plastic)"
"352","CalR000200","1_1","Mouse","Whole Body","Control","Light",39.6,25.345,13.765,0.0416139894949495,0.315079876666667,103.734735737143,81.1864731257143,0.782168778571429,88.1314285714286,8.79080388888889,-1,15.3251183333333,0.0453693694444445,0.273465887171717,"2025-04-08T07:01:30Z","2025-04-11T06:01:30Z",71,"LabDiet 5008 3.56kcal/g",3.56,10,"GDF3KO","C57Bl/6","male",23,0,"Sable Systems: Promethion",NA,"BIDMC","daily semaglutide injection","Prasad_Kotikalapudi","1_1",11.34287556,1.6332973,173.67691,302.78792,8,"Corncob","Weir","None"
"353","CalR000200","1_10","Mouse","Whole Body","Cre","Light",38.8,24.225,14.2,0.0479055433112374,0.338223238888889,119.831690194286,92.0793945085714,0.769067735428571,80.9142857142857,7.23783666666667,-1,13.5185011111111,0.0137174722222222,0.290317695577652,"2025-04-08T07:01:30Z","2025-04-11T06:01:30Z",71,"LabDiet 5008 3.56kcal/g",3.56,10,"GDF3KO","C57Bl/6","male",23,0,"Sable Systems: Promethion",NA,"BIDMC","daily semaglutide injection","Prasad_Kotikalapudi","1_10",12.1760366,0.493829,142.29635,272.66448,8,"Corncob","Weir","None"
"354","CalR000200","1_11","Mouse","Whole Body","Cre","Light",40.55,24.05,16.16,0.0444375147800926,0.191923951111111,111.672477677143,83.1257585828571,0.744777532428571,82.5485714285714,6.94433194444445,-1,13.1126466666667,0.0663846666666667,0.147486436331018,"2025-04-08T07:01:30Z","2025-04-11T06:01:30Z",71,"LabDiet 5008 3.56kcal/g",3.56,10,"GDF3KO","C57Bl/6","male",23,0,"Sable Systems: Promethion",NA,"BIDMC","daily semaglutide injection","Prasad_Kotikalapudi","1_11",6.90926224,2.389848,132.9211,257.52396,8,"Corncob","Weir","None"
"355","CalR000200","1_12","Mouse","Whole Body","Control","Light",43.05,25.845,16.76,0.0424054788089226,0.25727408,106.403013557143,80.3973763971429,0.755789734714286,35.4585714285714,4.87109722222222,-1,8.00823194444444,0.0729046944444444,0.214868601191077,"2025-04-08T07:01:30Z","2025-04-11T06:01:30Z",71,"LabDiet 5008 3.56kcal/g",3.56,10,"GDF3KO","C57Bl/6","male",23,0,"Sable Systems: Promethion",NA,"BIDMC","daily semaglutide injection","Prasad_Kotikalapudi","1_12",9.26186688,2.624569,85.02276,146.30606,8,"Corncob","Weir","None"
"356","CalR000200","1_14","Mouse","Whole Body","Cre","Light",35.85,23.945,11.285,0.0416284453388047,0.230231133333333,104.349696685714,79.8856305685714,0.765256208714286,74.8442857142857,7.61722222222222,-1,12.8833527777778,0.0342390833333333,0.188602687994529,"2025-04-08T07:01:30Z","2025-04-11T06:01:30Z",71,"LabDiet 5008 3.56kcal/g",3.56,10,"GDF3KO","C57Bl/6","male",23,0,"Sable Systems: Promethion",NA,"BIDMC","daily semaglutide injection","Prasad_Kotikalapudi","1_14",8.2883208,1.232607,153.2077,259.0264,8,"Corncob","Weir","None"
"357","CalR000200","1_15","Mouse","Whole Body","Cre","Light",29.85,21.62,7.91,0.0372897910143098,0.202493986666666,93.2732026028571,71.3531985085714,0.765261411714286,87.3128571428571,10.2460844444444,-1,16.2157472222222,0.0543214444444444,0.165204195652357,"2025-04-08T07:01:30Z","2025-04-11T06:01:30Z",71,"LabDiet 5008 3.56kcal/g",3.56,10,"GDF3KO","C57Bl/6","male",23,0,"Sable Systems: Promethion",NA,"BIDMC","daily semaglutide injection","Prasad_Kotikalapudi","1_15",7.28978352,1.955572,209.07158,327.8168,8,"Corncob","Weir","None"
"358","CalR000200","1_16","Mouse","Whole Body","Control","Light",38.3,26.09,12.135,0.0363188543602694,0.936397084444445,91.2836452028571,67.8583260428571,0.742531703714286,81.7328571428571,8.77875166666667,-1,14.5221402777778,0.0509323888888889,0.900078230084175,"2025-04-08T07:01:30Z","2025-04-11T06:01:30Z",71,"LabDiet 5008 3.56kcal/g",3.56,10,"GDF3KO","C57Bl/6","male",23,0,"Sable Systems: Promethion",NA,"BIDMC","daily semaglutide injection","Prasad_Kotikalapudi","1_16",33.71029504,1.833566,177.32283,293.18515,8,"Corncob","Weir","None"
"359","CalR000200","1_2","Mouse","Whole Body","Cre","Light",34.75,23.71,10.58,0.0366586818444865,0.201831332222222,91.3602305228571,71.2191123428571,0.779218832142857,68.8,9.70717166666667,-1,14.3077777777778,0.0532391111111111,0.165172650377736,"2025-04-08T07:01:30Z","2025-04-11T06:01:30Z",71,"LabDiet 5008 3.56kcal/g",3.56,10,"GDF3KO","C57Bl/6","male",23,0,"Sable Systems: Promethion",NA,"BIDMC","daily semaglutide injection","Prasad_Kotikalapudi","1_2",7.26592796,1.916608,186.3887,281.6756,8,"Corncob","Weir","None"
"360","CalR000200","1_3","Mouse","Whole Body","Cre","Light",30,22.365,7.51,0.0288864304050926,0.241559646666666,72.0872464542857,55.4723200714286,0.767354374714286,53.8371428571429,6.18234861111111,-1,9.99906583333333,0.0238227611111111,0.212673216261574,"2025-04-08T07:01:30Z","2025-04-11T06:01:30Z",71,"LabDiet 5008 3.56kcal/g",3.56,10,"GDF3KO","C57Bl/6","male",23,0,"Sable Systems: Promethion",NA,"BIDMC","daily semaglutide injection","Prasad_Kotikalapudi","1_3",8.69614728,0.8576194,118.94744,194.20259,8,"Corncob","Weir","None"
"361","CalR000200","1_4","Mouse","Whole Body","Control","Light",41.75,25.02,16.17,0.039658005162037,0.328714775555556,98.9138709171429,77.2527307371429,0.780984381714286,73.6457142857143,9.68427916666667,-1,15.4171083333333,0.0987864166666667,0.289056770393519,"2025-04-08T07:01:30Z","2025-04-11T06:01:30Z",71,"LabDiet 5008 3.56kcal/g",3.56,10,"GDF3KO","C57Bl/6","male",23,0,"Sable Systems: Promethion",NA,"BIDMC","daily semaglutide injection","Prasad_Kotikalapudi","1_4",11.83373192,3.556311,190.97825,304.7978,8,"Corncob","Weir","None"
"362","CalR000200","1_5","Mouse","Whole Body","Control","Light",34.05,24.345,9.07,0.031157627851431,0.377258144444445,77.3354448514286,61.38690762,0.794405280857143,75.6985714285714,7.48043055555556,-1,12.9657308333333,0.0328853888888889,0.346100516593014,"2025-04-08T07:01:30Z","2025-04-11T06:01:30Z",71,"LabDiet 5008 3.56kcal/g",3.56,10,"GDF3KO","C57Bl/6","male",23,0,"Sable Systems: Promethion",NA,"BIDMC","daily semaglutide injection","Prasad_Kotikalapudi","1_5",13.5812932,1.183874,148.73627,258.81447,8,"Corncob","Weir","None"
"363","CalR000200","1_6","Mouse","Whole Body","Cre","Light",35.95,24.13,11.25,0.0348217236353114,0.197894862222222,86.9130587571429,67.4770108285714,0.775400656285714,79.7857142857143,7.60117416666667,-1,13.6971794444444,0.02988575,0.163073138586911,"2025-04-08T07:01:30Z","2025-04-11T06:01:30Z",71,"LabDiet 5008 3.56kcal/g",3.56,10,"GDF3KO","C57Bl/6","male",23,0,"Sable Systems: Promethion",NA,"BIDMC","daily semaglutide injection","Prasad_Kotikalapudi","1_6",7.12421504,1.075887,150.2859,272.86992,8,"Corncob","Weir","None"
"364","CalR000200","1_7","Mouse","Whole Body","Cre","Light",36.95,24.165,12.285,0.0393961132154882,0.469553913333333,98.4003961457143,75.8163622714286,0.769822230857143,67.7114285714286,7.36654305555556,-1,12.179485,0.0599721388888889,0.430157800117845,"2025-04-08T07:01:30Z","2025-04-11T06:01:30Z",71,"LabDiet 5008 3.56kcal/g",3.56,10,"GDF3KO","C57Bl/6","male",23,0,"Sable Systems: Promethion",NA,"BIDMC","daily semaglutide injection","Prasad_Kotikalapudi","1_7",16.90394088,2.158997,145.01058,242.46302,8,"Corncob","Weir","None"
"365","CalR000200","1_8","Mouse","Whole Body","Control","Light",35.65,23.465,11.7,0.0380767098179714,0.142202914444444,95.1626457171429,73.2818673685714,0.770357864142857,77.7271428571429,5.55476111111111,-1,11.6865558333333,0.0432091388888889,0.104126204626473,"2025-04-08T07:01:30Z","2025-04-11T06:01:30Z",71,"LabDiet 5008 3.56kcal/g",3.56,10,"GDF3KO","C57Bl/6","male",23,0,"Sable Systems: Promethion",NA,"BIDMC","daily semaglutide injection","Prasad_Kotikalapudi","1_8",5.11930492,1.555529,111.37454,234.10727,8,"Corncob","Weir","None"
"366","CalR000200","1_9","Mouse","Whole Body","Control","Light",39.95,25.4,14.11,0.0405417611153199,0.269596921111111,101.568031088571,77.9353270885714,0.767401789142857,53.6271428571429,5.89152777777778,-1,11.1864763888889,0.0353797777777778,0.229055159995791,"2025-04-08T07:01:30Z","2025-04-11T06:01:30Z",71,"LabDiet 5008 3.56kcal/g",3.56,10,"GDF3KO","C57Bl/6","male",23,0,"Sable Systems: Promethion",NA,"BIDMC","daily semaglutide injection","Prasad_Kotikalapudi","1_9",9.70548916,1.273672,116.74397,224.38875,8,"Corncob","Weir","None"
"367","CalR000200","2_17","Mouse","Whole Body","Control","Light",36.65,24.88,11.775,0.0379979897316919,0.167389716666667,94.0518645,76.6852783371429,0.816287675142857,76.9185714285714,9.356465,-1,15.2141555555556,0.0560703333333333,0.129391726934975,"2025-04-08T07:01:30Z","2025-04-11T06:01:30Z",71,"LabDiet 5008 3.56kcal/g",3.56,10,"GDF3KO","C57Bl/6","male",23,0,"Sable Systems: Promethion",NA,"BIDMC","daily semaglutide injection","Prasad_Kotikalapudi","2_17",6.0260298,2.018532,192.02578,308.2781,8,"Corncob","Weir","None"
"368","CalR000200","2_18","Mouse","Whole Body","Cre","Light",27.7,21.48,5.875,0.031147151361532,0.285929706666667,76.8107973428571,63.5080753457143,0.827753344142857,30.0071428571429,8.99666944444444,-1,11.8930730555556,0.0243935555555555,0.254782555305135,"2025-04-08T07:01:30Z","2025-04-11T06:01:30Z",71,"LabDiet 5008 3.56kcal/g",3.56,10,"GDF3KO","C57Bl/6","male",23,0,"Sable Systems: Promethion",NA,"BIDMC","daily semaglutide injection","Prasad_Kotikalapudi","2_18",10.29346944,0.878167999999999,183.58304,243.09591,8,"Corncob","Weir","None"
"369","CalR000200","2_19","Mouse","Whole Body","Control","Light",34.35,26.71,6.76,0.0344799310648148,0.463854847777778,85.0881259542857,68.6766526714286,0.805027911,56.7085714285714,6.02471444444444,-1,9.77366722222222,0.0288249388888889,0.429374916712963,"2025-04-08T07:01:30Z","2025-04-11T06:01:30Z",71,"LabDiet 5008 3.56kcal/g",3.56,10,"GDF3KO","C57Bl/6","male",23,0,"Sable Systems: Promethion",NA,"BIDMC","daily semaglutide injection","Prasad_Kotikalapudi","2_19",16.69877452,1.0376978,121.63573,195.30454,8,"Corncob","Weir","None"
"370","CalR000200","1_1","Mouse","Whole Body","Control","Full day",39.6,25.345,13.765,0.0216792570920139,0.461246554444445,108.09356495493,85.0295676549296,0.785707673239437,114.188732394366,6.56906708333333,-1,11.2670216666667,0.0726673375,0.439567297352431,"2025-04-08T07:01:30Z","2025-04-11T06:01:30Z",71,"LabDiet 5008 3.56kcal/g",3.56,10,"GDF3KO","C57Bl/6","male",23,0,"Sable Systems: Promethion",NA,"BIDMC","daily semaglutide injection","Prasad_Kotikalapudi","1_1",33.20975192,5.2320483,223.43601,385.12682,8,"Corncob","Weir","None"
"371","CalR000200","1_10","Mouse","Whole Body","Cre","Full day",38.8,24.225,14.2,0.0242154927263235,0.443426826111111,121.126036504225,93.5054131732394,0.772314775140845,105.620422535211,5.22559236111111,-1,9.82550611111111,0.028324375,0.419211333384788,"2025-04-08T07:01:30Z","2025-04-11T06:01:30Z",71,"LabDiet 5008 3.56kcal/g",3.56,10,"GDF3KO","C57Bl/6","male",23,0,"Sable Systems: Promethion",NA,"BIDMC","daily semaglutide injection","Prasad_Kotikalapudi","1_10",31.92673148,2.039355,181.88705,345.45718,8,"Corncob","Weir","None"
"372","CalR000200","1_11","Mouse","Whole Body","Cre","Full day",40.55,24.05,16.16,0.0229114052570199,0.257822221111111,115.131099798592,86.5099076535211,0.751259886478873,103.787323943662,4.77810138888889,-1,9.22289138888889,0.102764361111111,0.234910815854091,"2025-04-08T07:01:30Z","2025-04-11T06:01:30Z",71,"LabDiet 5008 3.56kcal/g",3.56,10,"GDF3KO","C57Bl/6","male",23,0,"Sable Systems: Promethion",NA,"BIDMC","daily semaglutide injection","Prasad_Kotikalapudi","1_11",18.56319992,7.399034,159.8795,316.87766,8,"Corncob","Weir","None"
"373","CalR000200","1_12","Mouse","Whole Body","Control","Full day",43.05,25.845,16.76,0.0220929724832679,0.345792985555555,110.901126021127,84.0463480267606,0.757831288450704,48.0408450704225,3.26868083333333,-1,5.6278275,0.0944107638888889,0.323700013072288,"2025-04-08T07:01:30Z","2025-04-11T06:01:30Z",71,"LabDiet 5008 3.56kcal/g",3.56,10,"GDF3KO","C57Bl/6","male",23,0,"Sable Systems: Promethion",NA,"BIDMC","daily semaglutide injection","Prasad_Kotikalapudi","1_12",24.89709496,6.797575,110.23096,197.06976,8,"Corncob","Weir","None"
"374","CalR000200","1_14","Mouse","Whole Body","Cre","Full day",35.85,23.945,11.285,0.0219175764860105,0.327916297222222,109.80994043662,84.2795931211268,0.766905961619718,90.3866197183099,5.68117777777778,-1,9.44785416666667,0.0691056666666667,0.305998720736212,"2025-04-08T07:01:30Z","2025-04-11T06:01:30Z",71,"LabDiet 5008 3.56kcal/g",3.56,10,"GDF3KO","C57Bl/6","male",23,0,"Sable Systems: Promethion",NA,"BIDMC","daily semaglutide injection","Prasad_Kotikalapudi","1_14",23.6099734,4.975608,189.9418,320.6052,8,"Corncob","Weir","None"
"375","CalR000200","1_15","Mouse","Whole Body","Cre","Full day",29.85,21.62,7.91,0.0193360275602607,0.33514196,96.7475612830986,74.4847029211268,0.76951861528169,99.2288732394366,7.27202833333333,-1,11.4318555555556,0.0561981388888889,0.315805932439739,"2025-04-08T07:01:30Z","2025-04-11T06:01:30Z",71,"LabDiet 5008 3.56kcal/g",3.56,10,"GDF3KO","C57Bl/6","male",23,0,"Sable Systems: Promethion",NA,"BIDMC","daily semaglutide injection","Prasad_Kotikalapudi","1_15",24.13022112,4.046266,254.54518,401.5524,8,"Corncob","Weir","None"
"376","CalR000200","1_16","Mouse","Whole Body","Control","Full day",38.3,26.09,12.135,0.019570564457654,3.01263313944444,98.3245507056338,74.028276515493,0.751546501690141,94.1478873239437,6.16271097222222,-1,10.21895625,0.0947899583333333,2.99306257498679,"2025-04-08T07:01:30Z","2025-04-11T06:01:30Z",71,"LabDiet 5008 3.56kcal/g",3.56,10,"GDF3KO","C57Bl/6","male",23,0,"Sable Systems: Promethion",NA,"BIDMC","daily semaglutide injection","Prasad_Kotikalapudi","1_16",216.90958604,6.824877,217.21123,359.60965,8,"Corncob","Weir","None"
"377","CalR000200","1_2","Mouse","Whole Body","Cre","Full day",34.75,23.71,10.58,0.0189667954530244,0.416468478888889,94.6341526521127,74.0537621830986,0.782155101126761,81.8302816901409,6.670475,-1,9.88564444444444,0.0706819444444444,0.397501683435865,"2025-04-08T07:01:30Z","2025-04-11T06:01:30Z",71,"LabDiet 5008 3.56kcal/g",3.56,10,"GDF3KO","C57Bl/6","male",23,0,"Sable Systems: Promethion",NA,"BIDMC","daily semaglutide injection","Prasad_Kotikalapudi","1_2",29.98573048,5.0891,218.6088,332.4621,8,"Corncob","Weir","None"
"378","CalR000200","1_3","Mouse","Whole Body","Cre","Full day",30,22.365,7.51,0.0152243411565268,0.413251524444444,76.0413727014084,59.0938553915493,0.774984551126761,72.1887323943662,4.67733222222222,-1,7.50612180555555,0.0299187416666667,0.398027183287918,"2025-04-08T07:01:30Z","2025-04-11T06:01:30Z",71,"LabDiet 5008 3.56kcal/g",3.56,10,"GDF3KO","C57Bl/6","male",23,0,"Sable Systems: Promethion",NA,"BIDMC","daily semaglutide injection","Prasad_Kotikalapudi","1_3",29.75410976,2.1541494,167.20674,270.54419,8,"Corncob","Weir","None"
"379","CalR000200","1_4","Mouse","Whole Body","Control","Full day",41.75,25.02,16.17,0.0208424820881139,0.455620419444444,104.038187649296,81.3559389507042,0.781247147676056,90.4154929577465,7.01630347222222,-1,11.0474986111111,0.0996012777777778,0.434777937356331,"2025-04-08T07:01:30Z","2025-04-11T06:01:30Z",71,"LabDiet 5008 3.56kcal/g",3.56,10,"GDF3KO","C57Bl/6","male",23,0,"Sable Systems: Promethion",NA,"BIDMC","daily semaglutide injection","Prasad_Kotikalapudi","1_4",32.8046702,7.171292,235.41745,373.2607,8,"Corncob","Weir","None"
"380","CalR000200","1_5","Mouse","Whole Body","Control","Full day",34.05,24.345,9.07,0.0166041693866999,0.587881094444444,82.5974327873239,65.5409667295775,0.793555245985916,91.8640845070423,5.26492652777778,-1,9.11226958333333,0.0354875,0.571276925057745,"2025-04-08T07:01:30Z","2025-04-11T06:01:30Z",71,"LabDiet 5008 3.56kcal/g",3.56,10,"GDF3KO","C57Bl/6","male",23,0,"Sable Systems: Promethion",NA,"BIDMC","daily semaglutide injection","Prasad_Kotikalapudi","1_5",42.3274388,2.5551,176.92467,308.64627,8,"Corncob","Weir","None"
"381","CalR000200","1_6","Mouse","Whole Body","Cre","Full day",35.95,24.13,11.25,0.0180548784069294,0.235152635555555,90.2866090352113,69.7967466253521,0.772296600140845,101.697183098592,5.54030972222222,-1,9.91019944444445,0.057774125,0.217097757148626,"2025-04-08T07:01:30Z","2025-04-11T06:01:30Z",71,"LabDiet 5008 3.56kcal/g",3.56,10,"GDF3KO","C57Bl/6","male",23,0,"Sable Systems: Promethion",NA,"BIDMC","daily semaglutide injection","Prasad_Kotikalapudi","1_6",16.93098976,4.159737,194.3091,349.01642,8,"Corncob","Weir","None"
"382","CalR000200","1_7","Mouse","Whole Body","Cre","Full day",36.95,24.165,12.285,0.0206459591874245,0.746678058888889,103.396159212676,79.4577314197183,0.767865620915493,89.5154929577465,5.40892972222222,-1,8.94943138888889,0.102664722222222,0.726032099701464,"2025-04-08T07:01:30Z","2025-04-11T06:01:30Z",71,"LabDiet 5008 3.56kcal/g",3.56,10,"GDF3KO","C57Bl/6","male",23,0,"Sable Systems: Promethion",NA,"BIDMC","daily semaglutide injection","Prasad_Kotikalapudi","1_7",53.76082024,7.39186,187.51498,314.75492,8,"Corncob","Weir","None"
"383","CalR000200","1_8","Mouse","Whole Body","Control","Full day",35.65,23.465,11.7,0.0201608758963617,0.275750578888889,100.905532170423,77.704982628169,0.76998962443662,104.601408450704,4.18861513888889,-1,8.67738347222222,0.0628570833333333,0.255589702992527,"2025-04-08T07:01:30Z","2025-04-11T06:01:30Z",71,"LabDiet 5008 3.56kcal/g",3.56,10,"GDF3KO","C57Bl/6","male",23,0,"Sable Systems: Promethion",NA,"BIDMC","daily semaglutide injection","Prasad_Kotikalapudi","1_8",19.85404168,4.52571,145.60154,303.52787,8,"Corncob","Weir","None"
"384","CalR000200","1_9","Mouse","Whole Body","Control","Full day",39.95,25.4,14.11,0.0209126160967693,0.314928675555556,104.740242485916,80.5105100450704,0.768563654295775,70.6753521126761,4.43725013888889,-1,8.33236458333333,0.0548971388888889,0.294016059458786,"2025-04-08T07:01:30Z","2025-04-11T06:01:30Z",71,"LabDiet 5008 3.56kcal/g",3.56,10,"GDF3KO","C57Bl/6","male",23,0,"Sable Systems: Promethion",NA,"BIDMC","daily semaglutide injection","Prasad_Kotikalapudi","1_9",22.67486464,3.952594,150.17447,286.81955,8,"Corncob","Weir","None"
"385","CalR000200","2_17","Mouse","Whole Body","Control","Full day",36.65,24.88,11.775,0.01977671306562,0.278726195,97.8739373450704,80.2330142239437,0.82000308471831,98.7366197183099,7.14136861111111,-1,11.3367527777778,0.0721731111111111,0.25894948193438,"2025-04-08T07:01:30Z","2025-04-11T06:01:30Z",71,"LabDiet 5008 3.56kcal/g",3.56,10,"GDF3KO","C57Bl/6","male",23,0,"Sable Systems: Promethion",NA,"BIDMC","daily semaglutide injection","Prasad_Kotikalapudi","2_17",20.06828604,5.196464,247.29858,392.9557,8,"Corncob","Weir","None"
"386","CalR000200","2_18","Mouse","Whole Body","Cre","Full day",27.7,21.48,5.875,0.0168614639214724,0.398243553333333,83.153523971831,69.299998343662,0.83314511056338,52.9021126760563,7.11636277777778,-1,9.34329625,0.0404846527777778,0.381382089411861,"2025-04-08T07:01:30Z","2025-04-11T06:01:30Z",71,"LabDiet 5008 3.56kcal/g",3.56,10,"GDF3KO","C57Bl/6","male",23,0,"Sable Systems: Promethion",NA,"BIDMC","daily semaglutide injection","Prasad_Kotikalapudi","2_18",28.67353584,2.914895,248.54414,325.86191,8,"Corncob","Weir","None"
"387","CalR000200","2_19","Mouse","Whole Body","Control","Full day",34.35,26.71,6.76,0.0192168807738275,1.05431763444444,94.8105239915493,78.4895568887324,0.824904189788732,71.3246478873239,4.43753875,-1,7.12803222222222,0.0506082611111111,1.03510075367062,"2025-04-08T07:01:30Z","2025-04-11T06:01:30Z",71,"LabDiet 5008 3.56kcal/g",3.56,10,"GDF3KO","C57Bl/6","male",23,0,"Sable Systems: Promethion",NA,"BIDMC","daily semaglutide injection","Prasad_Kotikalapudi","2_19",75.91086968,3.6437948,153.38163,247.53514,8,"Corncob","Weir","None"
"388","CalR000200","1_1","Mouse","Whole Body","Control","Dark",39.6,25.345,13.765,0.0450727347800926,0.607413232222222,112.331315583333,88.7659095583333,0.789148265277778,139.522222222222,13.1381341666667,-1,22.5340433333333,0.0999653055555555,0.56234049744213,"2025-04-08T07:01:30Z","2025-04-11T06:01:30Z",71,"LabDiet 5008 3.56kcal/g",3.56,10,"GDF3KO","C57Bl/6","male",23,0,"Sable Systems: Promethion",NA,"BIDMC","daily semaglutide injection","Prasad_Kotikalapudi","1_1",21.86687636,3.598751,223.43601,385.12682,8,"Corncob","Weir","None"
"389","CalR000200","1_10","Mouse","Whole Body","Cre","Dark",38.8,24.225,14.2,0.0489389485300926,0.548630413333333,122.38442875,94.8918202083333,0.775471619305556,129.640277777778,10.4511847222222,-1,19.6510122222222,0.0429312777777778,0.499691464803241,"2025-04-08T07:01:30Z","2025-04-11T06:01:30Z",71,"LabDiet 5008 3.56kcal/g",3.56,10,"GDF3KO","C57Bl/6","male",23,0,"Sable Systems: Promethion",NA,"BIDMC","daily semaglutide injection","Prasad_Kotikalapudi","1_10",19.75069488,1.545526,181.88705,345.45718,8,"Corncob","Weir","None"
"390","CalR000200","1_11","Mouse","Whole Body","Cre","Dark",40.55,24.05,16.16,0.0471918611805556,0.323720491111111,118.493649083333,89.8000525833333,0.757562175138889,124.436111111111,9.55620277777778,-1,18.4457827777778,0.139144055555556,0.276528629930556,"2025-04-08T07:01:30Z","2025-04-11T06:01:30Z",71,"LabDiet 5008 3.56kcal/g",3.56,10,"GDF3KO","C57Bl/6","male",23,0,"Sable Systems: Promethion",NA,"BIDMC","daily semaglutide injection","Prasad_Kotikalapudi","1_11",11.65393768,5.009186,159.8795,316.87766,8,"Corncob","Weir","None"
"391","CalR000200","1_12","Mouse","Whole Body","Control","Dark",43.05,25.845,16.76,0.0459312418287037,0.434311891111111,115.274290916667,87.5939593333333,0.759816132361111,60.2736111111111,6.53736166666667,-1,11.255655,0.115916833333333,0.388380649282407,"2025-04-08T07:01:30Z","2025-04-11T06:01:30Z",71,"LabDiet 5008 3.56kcal/g",3.56,10,"GDF3KO","C57Bl/6","male",23,0,"Sable Systems: Promethion",NA,"BIDMC","daily semaglutide injection","Prasad_Kotikalapudi","1_12",15.63522808,4.173006,110.23096,197.06976,8,"Corncob","Weir","None"
"392","CalR000200","1_14","Mouse","Whole Body","Cre","Dark",35.85,23.945,11.285,0.0459683342476852,0.425601461111111,115.11851075,88.5515011583333,0.768509888055556,105.497222222222,11.3623555555556,-1,18.8957083333333,0.10397225,0.379633126863426,"2025-04-08T07:01:30Z","2025-04-11T06:01:30Z",71,"LabDiet 5008 3.56kcal/g",3.56,10,"GDF3KO","C57Bl/6","male",23,0,"Sable Systems: Promethion",NA,"BIDMC","daily semaglutide injection","Prasad_Kotikalapudi","1_14",15.3216526,3.743001,189.9418,320.6052,8,"Corncob","Weir","None"
"393","CalR000200","1_15","Mouse","Whole Body","Cre","Dark",29.85,21.62,7.91,0.0400284635069444,0.467789933333333,100.12541,77.5292211,0.773657563194444,110.813888888889,14.5440566666667,-1,22.8637111111111,0.0580748333333333,0.427761469826389,"2025-04-08T07:01:30Z","2025-04-11T06:01:30Z",71,"LabDiet 5008 3.56kcal/g",3.56,10,"GDF3KO","C57Bl/6","male",23,0,"Sable Systems: Promethion",NA,"BIDMC","daily semaglutide injection","Prasad_Kotikalapudi","1_15",16.8404376,2.090694,254.54518,401.5524,8,"Corncob","Weir","None"
"394","CalR000200","1_16","Mouse","Whole Body","Control","Dark",38.3,26.09,12.135,0.0419153468287037,5.08886919444445,105.1698755,80.026839475,0.760310888611111,106.218055555556,12.3254219444444,-1,20.4379125,0.138647527777778,5.04695384761574,"2025-04-08T07:01:30Z","2025-04-11T06:01:30Z",71,"LabDiet 5008 3.56kcal/g",3.56,10,"GDF3KO","C57Bl/6","male",23,0,"Sable Systems: Promethion",NA,"BIDMC","daily semaglutide injection","Prasad_Kotikalapudi","1_16",183.199291,4.991311,217.21123,359.60965,8,"Corncob","Weir","None"
"395","CalR000200","1_2","Mouse","Whole Body","Cre","Dark",34.75,23.71,10.58,0.0392040673842593,0.631105625555556,97.8171325,76.80967175,0.785009807083333,94.4986111111111,13.34095,-1,19.7712888888889,0.0881247777777778,0.591901558171296,"2025-04-08T07:01:30Z","2025-04-11T06:01:30Z",71,"LabDiet 5008 3.56kcal/g",3.56,10,"GDF3KO","C57Bl/6","male",23,0,"Sable Systems: Promethion",NA,"BIDMC","daily semaglutide injection","Prasad_Kotikalapudi","1_2",22.71980252,3.172492,218.6088,332.4621,8,"Corncob","Weir","None"
"396","CalR000200","1_3","Mouse","Whole Body","Cre","Dark",30,22.365,7.51,0.0320067797106482,0.584943402222222,79.8856621083333,62.6147925083333,0.782402778194444,90.0305555555556,9.35466444444445,-1,15.0122436111111,0.0360147222222222,0.552936622511574,"2025-04-08T07:01:30Z","2025-04-11T06:01:30Z",71,"LabDiet 5008 3.56kcal/g",3.56,10,"GDF3KO","C57Bl/6","male",23,0,"Sable Systems: Promethion",NA,"BIDMC","daily semaglutide injection","Prasad_Kotikalapudi","1_3",21.05796248,1.29653,167.20674,270.54419,8,"Corncob","Weir","None"
"397","CalR000200","1_4","Mouse","Whole Body","Control","Dark",41.75,25.02,16.17,0.0436700179976852,0.582526063333333,109.02016225,85.3451691583333,0.781502614583333,106.719444444444,14.0326069444444,-1,22.0949972222222,0.100416138888889,0.538856045335648,"2025-04-08T07:01:30Z","2025-04-11T06:01:30Z",71,"LabDiet 5008 3.56kcal/g",3.56,10,"GDF3KO","C57Bl/6","male",23,0,"Sable Systems: Promethion",NA,"BIDMC","daily semaglutide injection","Prasad_Kotikalapudi","1_4",20.97093828,3.614981,235.41745,373.2607,8,"Corncob","Weir","None"
"398","CalR000200","1_5","Mouse","Whole Body","Control","Dark",34.05,24.345,9.07,0.0352194176157408,0.798504044444444,87.7132543916667,69.5796353083333,0.792728823194444,107.580555555556,10.5298530555556,-1,18.2245391666667,0.0380896111111111,0.763284626828704,"2025-04-08T07:01:30Z","2025-04-11T06:01:30Z",71,"LabDiet 5008 3.56kcal/g",3.56,10,"GDF3KO","C57Bl/6","male",23,0,"Sable Systems: Promethion",NA,"BIDMC","daily semaglutide injection","Prasad_Kotikalapudi","1_5",28.7461456,1.371226,176.92467,308.64627,8,"Corncob","Weir","None"
"399","CalR000200","1_6","Mouse","Whole Body","Cre","Dark",35.95,24.13,11.25,0.0373695785416667,0.272410408888889,93.5664495833333,72.0520453166667,0.769278767777778,123,11.0806194444444,-1,19.8203988888889,0.0856625,0.235040830347222,"2025-04-08T07:01:30Z","2025-04-11T06:01:30Z",71,"LabDiet 5008 3.56kcal/g",3.56,10,"GDF3KO","C57Bl/6","male",23,0,"Sable Systems: Promethion",NA,"BIDMC","daily semaglutide injection","Prasad_Kotikalapudi","1_6",9.80677472,3.08385,194.3091,349.01642,8,"Corncob","Weir","None"
"400","CalR000200","1_7","Mouse","Whole Body","Cre","Dark",36.95,24.165,12.285,0.0432017832638889,1.02380220444444,108.253151083333,82.997951425,0.76596336125,110.713888888889,10.8178594444444,-1,17.8988627777778,0.145357305555556,0.980600421180555,"2025-04-08T07:01:30Z","2025-04-11T06:01:30Z",71,"LabDiet 5008 3.56kcal/g",3.56,10,"GDF3KO","C57Bl/6","male",23,0,"Sable Systems: Promethion",NA,"BIDMC","daily semaglutide injection","Prasad_Kotikalapudi","1_7",36.85687936,5.232863,187.51498,314.75492,8,"Corncob","Weir","None"
"401","CalR000200","1_8","Mouse","Whole Body","Control","Dark",35.65,23.465,11.7,0.0425308761458333,0.409298243333333,106.488894,82.005233575,0.769631613611111,130.729166666667,8.37723027777778,-1,17.3547669444444,0.0825050277777778,0.3667673671875,"2025-04-08T07:01:30Z","2025-04-11T06:01:30Z",71,"LabDiet 5008 3.56kcal/g",3.56,10,"GDF3KO","C57Bl/6","male",23,0,"Sable Systems: Promethion",NA,"BIDMC","daily semaglutide injection","Prasad_Kotikalapudi","1_8",14.73473676,2.970181,145.60154,303.52787,8,"Corncob","Weir","None"
"402","CalR000200","1_9","Mouse","Whole Body","Control","Dark",39.95,25.4,14.11,0.0430624472685185,0.36026043,107.8243369,83.0141601416667,0.769693245416667,87.25,8.87450027777778,-1,16.6647291666667,0.0744145,0.317197982731481,"2025-04-08T07:01:30Z","2025-04-11T06:01:30Z",71,"LabDiet 5008 3.56kcal/g",3.56,10,"GDF3KO","C57Bl/6","male",23,0,"Sable Systems: Promethion",NA,"BIDMC","daily semaglutide injection","Prasad_Kotikalapudi","1_9",12.96937548,2.678922,150.17447,286.81955,8,"Corncob","Weir","None"
"403","CalR000200","2_17","Mouse","Whole Body","Control","Dark",36.65,24.88,11.775,0.0410765063078704,0.390062673333333,101.5898415,83.6822018916667,0.823615288472222,119.948611111111,14.2827372222222,-1,22.6735055555556,0.0882758888888889,0.348986167025463,"2025-04-08T07:01:30Z","2025-04-11T06:01:30Z",71,"LabDiet 5008 3.56kcal/g",3.56,10,"GDF3KO","C57Bl/6","male",23,0,"Sable Systems: Promethion",NA,"BIDMC","daily semaglutide injection","Prasad_Kotikalapudi","2_17",14.04225624,3.177932,247.29858,392.9557,8,"Corncob","Weir","None"
"404","CalR000200","2_18","Mouse","Whole Body","Cre","Dark",27.7,21.48,5.875,0.0362403416087963,0.5105574,89.32006375,74.9310345916667,0.838387105694444,75.1611111111111,14.2327255555556,-1,18.6865925,0.05657575,0.474317058391204,"2025-04-08T07:01:30Z","2025-04-11T06:01:30Z",71,"LabDiet 5008 3.56kcal/g",3.56,10,"GDF3KO","C57Bl/6","male",23,0,"Sable Systems: Promethion",NA,"BIDMC","daily semaglutide injection","Prasad_Kotikalapudi","2_18",18.3800664,2.036727,248.54414,325.86191,8,"Corncob","Weir","None"
"405","CalR000200","2_19","Mouse","Whole Body","Control","Dark",34.35,26.71,6.76,0.0423550803240741,1.64478042111111,104.262855416667,88.0298804333333,0.844228349722222,85.5347222222222,8.8750775,-1,14.2560644444444,0.0723915833333334,1.60242534078704,"2025-04-08T07:01:30Z","2025-04-11T06:01:30Z",71,"LabDiet 5008 3.56kcal/g",3.56,10,"GDF3KO","C57Bl/6","male",23,0,"Sable Systems: Promethion",NA,"BIDMC","daily semaglutide injection","Prasad_Kotikalapudi","2_19",59.21209516,2.606097,153.38163,247.53514,8,"Corncob","Weir","None"
"406","CalR000202","1","Mouse","Whole Body","GFP","Light",32.65,NA,NA,0.0337335063310185,0.215856842222222,83.476295275,68.555147625,0.817226636944444,91.4680555555556,21.6677666666667,NA,27.5424611111111,0.0613482222222222,0.182123335891204,"2025-04-15T06:49:46Z","2025-04-18T05:49:46Z",71,"LabDiet 5008 3.56kcal/g",3.56,10,"GFP, Irisin","C57Bl/6","male",23,0,"Sable Systems: Promethion",NA,"BIDMC","none","Mu_A","1",7.77084632,2.208536,431.4449,546.8146,8,"Spruce Woodchip","Weir","None"
"407","CalR000202","10","Mouse","Whole Body","Irisin","Light",30.45,NA,NA,0.0313674597685185,0.214804961111111,78.8732458,59.2857654583333,0.749639680833333,38.625,19.1571416666667,NA,23.1932583333333,0.0214086388888889,0.183437501342593,"2025-04-15T06:49:46Z","2025-04-18T05:49:46Z",71,"LabDiet 5008 3.56kcal/g",3.56,10,"GFP, Irisin","C57Bl/6","male",23,0,"Sable Systems: Promethion",NA,"BIDMC","none","Mu_A","10",7.7329786,0.770711,409.1365,494.5599,8,"Spruce Woodchip","Weir","None"
"408","CalR000202","11","Mouse","Whole Body","Irisin","Light",32.3,NA,NA,0.0342858712384259,0.320887324444444,85.0188706583333,69.0516171916667,0.803600353472222,94.6375,22.7823361111111,NA,29.785875,0.0735656944444445,0.286601453206018,"2025-04-15T06:49:46Z","2025-04-18T05:49:46Z",71,"LabDiet 5008 3.56kcal/g",3.56,10,"GFP, Irisin","C57Bl/6","male",23,0,"Sable Systems: Promethion",NA,"BIDMC","none","Mu_A","11",11.55194368,2.648365,477.3415,624.2545,8,"Spruce Woodchip","Weir","None"
"409","CalR000202","12","Mouse","Whole Body","GFP","Light",32.55,NA,NA,0.0369833951388889,0.351989956666667,91.6690155,74.623100125,0.809246379722222,59.0666666666667,28.150925,NA,32.9072833333333,0.116565111111111,0.315006561527778,"2025-04-15T06:49:46Z","2025-04-18T05:49:46Z",71,"LabDiet 5008 3.56kcal/g",3.56,10,"GFP, Irisin","C57Bl/6","male",23,0,"Sable Systems: Promethion",NA,"BIDMC","none","Mu_A","12",12.67163844,4.196344,598.531,695.7278,8,"Spruce Woodchip","Weir","None"
"410","CalR000202","14","Mouse","Whole Body","Irisin","Light",29.45,NA,NA,0.0342303741898148,0.226109048888889,84.7858783333333,69.2796969583333,0.811404981111111,42.8541666666667,18.1955083333333,NA,21.7360583333333,0.0732885555555555,0.191878674699074,"2025-04-15T06:49:46Z","2025-04-18T05:49:46Z",71,"LabDiet 5008 3.56kcal/g",3.56,10,"GFP, Irisin","C57Bl/6","male",23,0,"Sable Systems: Promethion",NA,"BIDMC","none","Mu_A","14",8.13992576,2.638388,397.3683,472.5688,8,"Spruce Woodchip","Weir","None"
"411","CalR000202","15","Mouse","Whole Body","Irisin","Light",34.4,NA,NA,0.0330670217361111,0.221222652222222,82.483271025,64.8622923916667,0.779756935277778,74.3277777777778,22.311675,NA,28.9823916666667,0.0822135,0.188155630486111,"2025-04-15T06:49:46Z","2025-04-18T05:49:46Z",71,"LabDiet 5008 3.56kcal/g",3.56,10,"GFP, Irisin","C57Bl/6","male",23,0,"Sable Systems: Promethion",NA,"BIDMC","none","Mu_A","15",7.96401548,2.959686,453.3031,590.5787,8,"Spruce Woodchip","Weir","None"
"412","CalR000202","16","Mouse","Whole Body","GFP","Light",30.95,NA,NA,0.0274696178242703,0.0469712728888889,68.8845404073034,52.7649703651685,0.755566169522472,103.320833333333,20.8021166666667,NA,29.4064694444444,0.0334888611111111,0.0195016550646186,"2025-04-15T06:49:46Z","2025-04-18T05:49:46Z",71,"LabDiet 5008 3.56kcal/g",3.56,10,"GFP, Irisin","C57Bl/6","male",23,0,"Sable Systems: Promethion",NA,"BIDMC","none","Mu_A","16",1.690965824,1.205599,431.567,613.3218,8,"Spruce Woodchip","Weir","None"
"413","CalR000202","2","Mouse","Whole Body","Irisin","Light",36.65,NA,NA,0.031460991087963,0.317516301111111,77.9027979583333,63.758559975,0.813313550972222,47.8458333333333,22.5058166666667,NA,26.6010611111111,0.0710216111111111,0.286055310023148,"2025-04-15T06:49:46Z","2025-04-18T05:49:46Z",71,"LabDiet 5008 3.56kcal/g",3.56,10,"GFP, Irisin","C57Bl/6","male",23,0,"Sable Systems: Promethion",NA,"BIDMC","none","Mu_A","2",11.43058684,2.556778,517.3797,607.9773,8,"Spruce Woodchip","Weir","None"
"414","CalR000202","3","Mouse","Whole Body","Irisin","Light",32.15,NA,NA,0.0329646114814815,0.369164781111111,81.2421262666667,68.17370445,0.832312824166667,68.1194444444444,29.0263527777778,NA,33.1893972222222,0.0831920555555555,0.33620016962963,"2025-04-15T06:49:46Z","2025-04-18T05:49:46Z",71,"LabDiet 5008 3.56kcal/g",3.56,10,"GFP, Irisin","C57Bl/6","male",23,0,"Sable Systems: Promethion",NA,"BIDMC","none","Mu_A","3",13.28993212,2.994914,582.4336,669.1876,8,"Spruce Woodchip","Weir","None"
"415","CalR000202","4","Mouse","Whole Body","GFP","Light",30.6,NA,NA,0.029859700150463,0.318341133333333,73.9477850583333,60.4775576333333,0.809411697361111,85.1708333333333,26.8485083333333,NA,33.2331805555556,0.0924660611111112,0.288481433182871,"2025-04-15T06:49:46Z","2025-04-18T05:49:46Z",71,"LabDiet 5008 3.56kcal/g",3.56,10,"GFP, Irisin","C57Bl/6","male",23,0,"Sable Systems: Promethion",NA,"BIDMC","none","Mu_A","4",11.4602808,3.3287782,565.283,699.997,8,"Spruce Woodchip","Weir","None"
"416","CalR000202","5","Mouse","Whole Body","GFP","Light",31.05,NA,NA,0.0303884247800926,0.186070223333333,75.2287837833333,61.6496050333333,0.810817308194444,83.0291666666667,19.0139861111111,NA,26.9092194444444,0.0748508611111111,0.155681798553241,"2025-04-15T06:49:46Z","2025-04-18T05:49:46Z",71,"LabDiet 5008 3.56kcal/g",3.56,10,"GFP, Irisin","C57Bl/6","male",23,0,"Sable Systems: Promethion",NA,"BIDMC","none","Mu_A","5",6.69852804,2.694631,397.356,552.799,8,"Spruce Woodchip","Weir","None"
"417","CalR000202","6","Mouse","Whole Body","Irisin","Light",30.05,NA,NA,0.0306483101041667,0.169597905555556,76.1002776583333,61.3639430416667,0.801256562777778,46.3444444444444,19.9179638888889,NA,24.128625,0.0559105833333333,0.138949595451389,"2025-04-15T06:49:46Z","2025-04-18T05:49:46Z",71,"LabDiet 5008 3.56kcal/g",3.56,10,"GFP, Irisin","C57Bl/6","male",23,0,"Sable Systems: Promethion",NA,"BIDMC","none","Mu_A","6",6.1055246,2.012781,431.3063,517.8788,8,"Spruce Woodchip","Weir","None"
"418","CalR000202","7","Mouse","Whole Body","Irisin","Light",30.1,NA,NA,0.0333852431828704,0.575690863333333,81.928882925,70.2904052666667,0.851601466388889,97.5583333333333,34.2109916666667,NA,40.392325,0.152591944444444,0.542305620150463,"2025-04-15T06:49:46Z","2025-04-18T05:49:46Z",71,"LabDiet 5008 3.56kcal/g",3.56,10,"GFP, Irisin","C57Bl/6","male",23,0,"Sable Systems: Promethion",NA,"BIDMC","none","Mu_A","7",20.72487108,5.49331,673.8002,788.7803,8,"Spruce Woodchip","Weir","None"
"419","CalR000202","8","Mouse","Whole Body","GFP","Light",34.7,NA,NA,0.0321629362384259,0.620030465555555,79.0955302083333,67.12454465,0.840652713611111,96.2291666666667,31.1977833333333,NA,38.0755888888889,0.0971297777777778,0.587867529317129,"2025-04-15T06:49:46Z","2025-04-18T05:49:46Z",71,"LabDiet 5008 3.56kcal/g",3.56,10,"GFP, Irisin","C57Bl/6","male",23,0,"Sable Systems: Promethion",NA,"BIDMC","none","Mu_A","8",22.32109676,3.496672,638.5433,775.7467,8,"Spruce Woodchip","Weir","None"
"420","CalR000202","9","Mouse","Whole Body","GFP","Light",36.7,NA,NA,0.0311810408912037,0.194505148888889,77.84298525,60.9342545666667,0.780190447361111,33.2388888888889,13.9585916666667,NA,18.2514388888889,0.0596688333333333,0.163324107997685,"2025-04-15T06:49:46Z","2025-04-18T05:49:46Z",71,"LabDiet 5008 3.56kcal/g",3.56,10,"GFP, Irisin","C57Bl/6","male",23,0,"Sable Systems: Promethion",NA,"BIDMC","none","Mu_A","9",7.00218536,2.148078,315.625,407.1233,8,"Spruce Woodchip","Weir","None"
"421","CalR000202","1","Mouse","Whole Body","GFP","Full day",32.65,NA,NA,0.0184762921020783,0.459421708333333,90.4231287380282,78.803041115493,0.863117338380282,113.289436619718,15.8180875,NA,19.8861555555556,0.106906125,0.440945416231255,"2025-04-15T06:49:46Z","2025-04-18T05:49:46Z",71,"LabDiet 5008 3.56kcal/g",3.56,10,"GFP, Irisin","C57Bl/6","male",23,0,"Sable Systems: Promethion",NA,"BIDMC","none","Mu_A","1",33.078363,7.697241,533.1642,673.3728,8,"Spruce Woodchip","Weir","None"
"422","CalR000202","10","Mouse","Whole Body","Irisin","Full day",30.45,NA,NA,0.0179535262216938,0.657654721111111,88.9928674859155,72.5685701535211,0.806182051549296,79.6676056338028,15.0226722222222,NA,18.1186138888889,0.115823708333333,0.639701194889417,"2025-04-15T06:49:46Z","2025-04-18T05:49:46Z",71,"LabDiet 5008 3.56kcal/g",3.56,10,"GFP, Irisin","C57Bl/6","male",23,0,"Sable Systems: Promethion",NA,"BIDMC","none","Mu_A","10",47.35113992,8.339307,484.2912,589.821,8,"Spruce Woodchip","Weir","None"
"423","CalR000202","11","Mouse","Whole Body","Irisin","Full day",32.3,NA,NA,0.0195789745243132,0.720359028333333,96.010216118896,82.5220445138004,0.846969866525124,124.238028169014,17.1336,NA,22.1758041666667,0.165469069444444,0.70078005380902,"2025-04-15T06:49:46Z","2025-04-18T05:49:46Z",71,"LabDiet 5008 3.56kcal/g",3.56,10,"GFP, Irisin","C57Bl/6","male",23,0,"Sable Systems: Promethion",NA,"BIDMC","none","Mu_A","11",51.86585004,11.913773,611.8112,792.2442,8,"Spruce Woodchip","Weir","None"
"424","CalR000202","12","Mouse","Whole Body","GFP","Full day",32.55,NA,NA,0.0210008481311464,0.636395340555555,103.280216701903,87.655131615222,0.840224535588443,103.697887323944,22.2567819444444,NA,25.8024305555556,0.226032388888889,0.615394492424409,"2025-04-15T06:49:46Z","2025-04-18T05:49:46Z",71,"LabDiet 5008 3.56kcal/g",3.56,10,"GFP, Irisin","C57Bl/6","male",23,0,"Sable Systems: Promethion",NA,"BIDMC","none","Mu_A","12",45.82046452,16.274332,780.0716,904.4108,8,"Spruce Woodchip","Weir","None"
"425","CalR000202","14","Mouse","Whole Body","Irisin","Full day",29.45,NA,NA,0.0190374170228599,0.507654763888889,93.53094,79.9739790909091,0.846897480549683,71.4845070422535,14.3702597222222,NA,17.0196208333333,0.155922583333333,0.488617346866029,"2025-04-15T06:49:46Z","2025-04-18T05:49:46Z",71,"LabDiet 5008 3.56kcal/g",3.56,10,"GFP, Irisin","C57Bl/6","male",23,0,"Sable Systems: Promethion",NA,"BIDMC","none","Mu_A","14",36.551143,11.226426,505.8214,597.7851,8,"Spruce Woodchip","Weir","None"
"426","CalR000202","15","Mouse","Whole Body","Irisin","Full day",34.4,NA,NA,0.0184509927538748,0.43169183,91.3040316084507,75.0229056802817,0.812461644788732,110.264084507042,16.7850180555556,NA,21.5782194444444,0.151051125,0.413240837246125,"2025-04-15T06:49:46Z","2025-04-18T05:49:46Z",71,"LabDiet 5008 3.56kcal/g",3.56,10,"GFP, Irisin","C57Bl/6","male",23,0,"Sable Systems: Promethion",NA,"BIDMC","none","Mu_A","15",31.08181176,10.875681,555.4925,716.7648,8,"Spruce Woodchip","Weir","None"
"427","CalR000202","16","Mouse","Whole Body","GFP","Full day",30.95,NA,NA,0.016734047883088,0.426228436444445,82.7213245422285,68.122158451384,0.804230835557133,155.947887323944,15.7818611111111,NA,22.1797472222222,0.134852138888889,0.409494388561356,"2025-04-15T06:49:46Z","2025-04-18T05:49:46Z",71,"LabDiet 5008 3.56kcal/g",3.56,10,"GFP, Irisin","C57Bl/6","male",23,0,"Sable Systems: Promethion",NA,"BIDMC","none","Mu_A","16",30.688447424,9.709354,536.09,760.1968,8,"Spruce Woodchip","Weir","None"
"428","CalR000202","2","Mouse","Whole Body","Irisin","Full day",36.65,NA,NA,0.0177413273338114,0.756271121666667,87.247645571831,73.8618694816901,0.839732282464789,85.3929577464789,17.9953972222222,NA,21.0748013888889,0.143115472222222,0.738529794332855,"2025-04-15T06:49:46Z","2025-04-18T05:49:46Z",71,"LabDiet 5008 3.56kcal/g",3.56,10,"GFP, Irisin","C57Bl/6","male",23,0,"Sable Systems: Promethion",NA,"BIDMC","none","Mu_A","2",54.45152076,10.304314,621.3626,729.4656,8,"Spruce Woodchip","Weir","None"
"429","CalR000202","3","Mouse","Whole Body","Irisin","Full day",32.15,NA,NA,0.0182476549967204,0.686523848888889,89.3441563932347,77.6861006638478,0.860761932135307,89.55,20.9249319444444,NA,23.8991138888889,0.145454652777778,0.668276193892169,"2025-04-15T06:49:46Z","2025-04-18T05:49:46Z",71,"LabDiet 5008 3.56kcal/g",3.56,10,"GFP, Irisin","C57Bl/6","male",23,0,"Sable Systems: Promethion",NA,"BIDMC","none","Mu_A","3",49.42971712,10.472735,726.06,832.7086,8,"Spruce Woodchip","Weir","None"
"430","CalR000202","4","Mouse","Whole Body","GFP","Full day",30.6,NA,NA,0.0167037448065117,0.614223660555556,82.3445717112676,69.0431615661972,0.829851825211268,116.652816901408,19.9907277777778,NA,24.5674708333333,0.137322141666667,0.597519915749044,"2025-04-15T06:49:46Z","2025-04-18T05:49:46Z",71,"LabDiet 5008 3.56kcal/g",3.56,10,"GFP, Irisin","C57Bl/6","male",23,0,"Sable Systems: Promethion",NA,"BIDMC","none","Mu_A","4",44.22410356,9.8871942,668.9157,828.543,8,"Spruce Woodchip","Weir","None"
"431","CalR000202","5","Mouse","Whole Body","GFP","Full day",31.05,NA,NA,0.0170881599997484,0.554327352777778,83.982535871831,72.0945721647887,0.84895014556338,115.515492957747,13.9381611111111,NA,19.49945,0.169299180555556,0.537239192778029,"2025-04-15T06:49:46Z","2025-04-18T05:49:46Z",71,"LabDiet 5008 3.56kcal/g",3.56,10,"GFP, Irisin","C57Bl/6","male",23,0,"Sable Systems: Promethion",NA,"BIDMC","none","Mu_A","5",39.9115694,12.189541,459.2955,641.0237,8,"Spruce Woodchip","Weir","None"
"432","CalR000202","6","Mouse","Whole Body","Irisin","Full day",30.05,NA,NA,0.0170511274769777,0.409617407222222,84.1064439253521,70.4509904197183,0.829903236971831,77.4366197183099,14.9855402777778,NA,18.1286930555556,0.124413652777778,0.392566279745245,"2025-04-15T06:49:46Z","2025-04-18T05:49:46Z",71,"LabDiet 5008 3.56kcal/g",3.56,10,"GFP, Irisin","C57Bl/6","male",23,0,"Sable Systems: Promethion",NA,"BIDMC","none","Mu_A","6",29.49245332,8.957783,521.2117,626.7239,8,"Spruce Woodchip","Weir","None"
"433","CalR000202","7","Mouse","Whole Body","Irisin","Full day",30.1,NA,NA,0.0179263974150815,0.810770271666667,87.8825447366197,75.874523615493,0.857070785070423,120.580281690141,24.4509083333333,NA,28.7174055555556,0.200316361111111,0.792843874251585,"2025-04-15T06:49:46Z","2025-04-18T05:49:46Z",71,"LabDiet 5008 3.56kcal/g",3.56,10,"GFP, Irisin","C57Bl/6","male",23,0,"Sable Systems: Promethion",NA,"BIDMC","none","Mu_A","7",58.37545956,14.422778,856.1187,1002.2743,8,"Spruce Woodchip","Weir","None"
"434","CalR000202","8","Mouse","Whole Body","GFP","Full day",34.7,NA,NA,0.0180412739242401,2.10741710611111,88.5035229042253,76.1449782211268,0.851566740985915,121.557746478873,22.9807333333333,NA,27.7539402777778,0.124881333333333,2.08937583218687,"2025-04-15T06:49:46Z","2025-04-18T05:49:46Z",71,"LabDiet 5008 3.56kcal/g",3.56,10,"GFP, Irisin","C57Bl/6","male",23,0,"Sable Systems: Promethion",NA,"BIDMC","none","Mu_A","8",151.73403164,8.991456,782.0682,947.4427,8,"Spruce Woodchip","Weir","None"
"435","CalR000202","9","Mouse","Whole Body","GFP","Full day",36.7,NA,NA,0.0173024414682719,0.392720658333333,86.0998859873239,68.8355085887324,0.795672482676056,73.1429577464789,11.8309694444444,NA,15.1794152777778,0.109637944444444,0.375418216865061,"2025-04-15T06:49:46Z","2025-04-18T05:49:46Z",71,"LabDiet 5008 3.56kcal/g",3.56,10,"GFP, Irisin","C57Bl/6","male",23,0,"Sable Systems: Promethion",NA,"BIDMC","none","Mu_A","9",28.2758874,7.893932,427.7008,541.6671,8,"Spruce Woodchip","Weir","None"
"436","CalR000202","1","Mouse","Whole Body","GFP","Dark",32.65,NA,NA,0.0402676554492845,0.702986574444445,97.5684431571429,89.3437315628571,0.910319202714286,135.734285714286,31.636175,NA,39.7723111111111,0.152464027777778,0.66271891899516,"2025-04-15T06:49:46Z","2025-04-18T05:49:46Z",71,"LabDiet 5008 3.56kcal/g",3.56,10,"GFP, Irisin","C57Bl/6","male",23,0,"Sable Systems: Promethion",NA,"BIDMC","none","Mu_A","1",25.30751668,5.488705,533.1642,673.3728,8,"Spruce Woodchip","Weir","None"
"437","CalR000202","10","Mouse","Whole Body","Irisin","Dark",30.45,NA,NA,0.0406007194623317,1.10050448111111,99.40162122,86.2308835542857,0.864339918571429,121.882857142857,30.0453444444444,NA,36.2372277777778,0.210238777777778,1.05990376164878,"2025-04-15T06:49:46Z","2025-04-18T05:49:46Z",71,"LabDiet 5008 3.56kcal/g",3.56,10,"GFP, Irisin","C57Bl/6","male",23,0,"Sable Systems: Promethion",NA,"BIDMC","none","Mu_A","10",39.61816132,7.568596,484.2912,589.821,8,"Spruce Woodchip","Weir","None"
"438","CalR000202","11","Mouse","Whole Body","Irisin","Dark",32.3,NA,NA,0.0441932005263758,1.11983073222222,107.429795818182,96.5172936796537,0.892029100865801,154.684285714286,34.2672,NA,44.3516083333333,0.257372444444445,1.07563753169585,"2025-04-15T06:49:46Z","2025-04-18T05:49:46Z",71,"LabDiet 5008 3.56kcal/g",3.56,10,"GFP, Irisin","C57Bl/6","male",23,0,"Sable Systems: Promethion",NA,"BIDMC","none","Mu_A","11",40.31390636,9.265408,611.8112,792.2442,8,"Spruce Woodchip","Weir","None"
"439","CalR000202","12","Mouse","Whole Body","GFP","Dark",32.55,NA,NA,0.0471955188414827,0.920800724444444,115.240252274678,101.078683364807,0.872133365665236,149.604285714286,44.5135638888889,NA,51.6048611111111,0.335499666666667,0.873605205602962,"2025-04-15T06:49:46Z","2025-04-18T05:49:46Z",71,"LabDiet 5008 3.56kcal/g",3.56,10,"GFP, Irisin","C57Bl/6","male",23,0,"Sable Systems: Promethion",NA,"BIDMC","none","Mu_A","12",33.14882608,12.077988,780.0716,904.4108,8,"Spruce Woodchip","Weir","None"
"440","CalR000202","14","Mouse","Whole Body","Irisin","Dark",29.45,NA,NA,0.0420289839407103,0.789200478888889,102.538728841202,90.9895486695279,0.883456278254649,100.932857142857,28.7405194444444,NA,34.0392416666667,0.238556611111111,0.747171494948179,"2025-04-15T06:49:46Z","2025-04-18T05:49:46Z",71,"LabDiet 5008 3.56kcal/g",3.56,10,"GFP, Irisin","C57Bl/6","male",23,0,"Sable Systems: Promethion",NA,"BIDMC","none","Mu_A","14",28.41121724,8.588038,505.8214,597.7851,8,"Spruce Woodchip","Weir","None"
"441","CalR000202","15","Mouse","Whole Body","Irisin","Dark",34.4,NA,NA,0.0408621675252525,0.642161007777778,100.376813922857,85.4738222057143,0.846100774571429,147.227142857143,33.5700361111111,NA,43.1564388888889,0.21988875,0.601298840252525,"2025-04-15T06:49:46Z","2025-04-18T05:49:46Z",71,"LabDiet 5008 3.56kcal/g",3.56,10,"GFP, Irisin","C57Bl/6","male",23,0,"Sable Systems: Promethion",NA,"BIDMC","none","Mu_A","15",23.11779628,7.915995,555.4925,716.7648,8,"Spruce Woodchip","Weir","None"
"442","CalR000202","16","Mouse","Whole Body","GFP","Dark",30.95,NA,NA,0.0395711913959479,0.8054856,96.8558873888092,83.809845563845,0.853942804304161,210.078571428571,31.5637222222222,NA,44.3594944444444,0.236215416666667,0.765914408604052,"2025-04-15T06:49:46Z","2025-04-18T05:49:46Z",71,"LabDiet 5008 3.56kcal/g",3.56,10,"GFP, Irisin","C57Bl/6","male",23,0,"Sable Systems: Promethion",NA,"BIDMC","none","Mu_A","16",28.9974816,8.503755,536.09,760.1968,8,"Spruce Woodchip","Weir","None"
"443","CalR000202","2","Mouse","Whole Body","Irisin","Dark",36.65,NA,NA,0.0395889045991162,1.19502594222222,96.8594888314286,84.2538449742857,0.866905834857143,124.012857142857,35.9907944444444,NA,42.1496027777778,0.215209333333333,1.15543703762311,"2025-04-15T06:49:46Z","2025-04-18T05:49:46Z",71,"LabDiet 5008 3.56kcal/g",3.56,10,"GFP, Irisin","C57Bl/6","male",23,0,"Sable Systems: Promethion",NA,"BIDMC","none","Mu_A","2",43.02093392,7.747536,621.3626,729.4656,8,"Spruce Woodchip","Weir","None"
"444","CalR000202","3","Mouse","Whole Body","Irisin","Dark",32.15,NA,NA,0.0401405611263832,1.00388291666667,97.6895951502146,87.4842770214592,0.890065734334764,111.592857142857,41.8498638888889,NA,47.7982277777778,0.20771725,0.963742355540283,"2025-04-15T06:49:46Z","2025-04-18T05:49:46Z",71,"LabDiet 5008 3.56kcal/g",3.56,10,"GFP, Irisin","C57Bl/6","male",23,0,"Sable Systems: Promethion",NA,"BIDMC","none","Mu_A","3",36.139785,7.477821,726.06,832.7086,8,"Spruce Woodchip","Weir","None"
"445","CalR000202","4","Mouse","Whole Body","GFP","Dark",30.6,NA,NA,0.0370254759753788,0.910106187777778,90.9812665542857,77.85349704,0.850875956714286,149.034285714286,39.9814555555556,NA,49.1349416666667,0.182178222222222,0.873080711802399,"2025-04-15T06:49:46Z","2025-04-18T05:49:46Z",71,"LabDiet 5008 3.56kcal/g",3.56,10,"GFP, Irisin","C57Bl/6","male",23,0,"Sable Systems: Promethion",NA,"BIDMC","none","Mu_A","4",32.76382276,6.558416,668.9157,828.543,8,"Spruce Woodchip","Weir","None"
"446","CalR000202","5","Mouse","Whole Body","GFP","Dark",31.05,NA,NA,0.0380876903914141,0.922584482222222,92.9863951628571,82.8379669285714,0.888172492571429,148.93,27.8763222222222,NA,38.9989,0.2637475,0.884496791830808,"2025-04-15T06:49:46Z","2025-04-18T05:49:46Z",71,"LabDiet 5008 3.56kcal/g",3.56,10,"GFP, Irisin","C57Bl/6","male",23,0,"Sable Systems: Promethion",NA,"BIDMC","none","Mu_A","5",33.21304136,9.49491,459.2955,641.0237,8,"Spruce Woodchip","Weir","None"
"447","CalR000202","6","Mouse","Whole Body","Irisin","Dark",30.05,NA,NA,0.0376446357302189,0.649636908888889,92.3413578,79.7976677228571,0.859368387571429,109.417142857143,29.9710805555556,NA,36.2573861111111,0.192916722222222,0.61199227315867,"2025-04-15T06:49:46Z","2025-04-18T05:49:46Z",71,"LabDiet 5008 3.56kcal/g",3.56,10,"GFP, Irisin","C57Bl/6","male",23,0,"Sable Systems: Promethion",NA,"BIDMC","none","Mu_A","6",23.38692872,6.945002,521.2117,626.7239,8,"Spruce Woodchip","Weir","None"
"448","CalR000202","7","Mouse","Whole Body","Irisin","Dark",30.1,NA,NA,0.038402063141835,1.04584968,94.0063111714286,81.6181882028571,0.86269637,144.26,48.9018166666667,NA,57.4348111111111,0.248040777777778,1.00744761685816,"2025-04-15T06:49:46Z","2025-04-18T05:49:46Z",71,"LabDiet 5008 3.56kcal/g",3.56,10,"GFP, Irisin","C57Bl/6","male",23,0,"Sable Systems: Promethion",NA,"BIDMC","none","Mu_A","7",37.65058848,8.929468,856.1187,1002.2743,8,"Spruce Woodchip","Weir","None"
"449","CalR000202","8","Mouse","Whole Body","GFP","Dark",34.7,NA,NA,0.0401048338247054,3.59480374666667,98.1803153914286,85.4231384657143,0.862792597714286,147.61,45.9614666666667,NA,55.5078805555556,0.152632888888889,3.55469891284196,"2025-04-15T06:49:46Z","2025-04-18T05:49:46Z",71,"LabDiet 5008 3.56kcal/g",3.56,10,"GFP, Irisin","C57Bl/6","male",23,0,"Sable Systems: Promethion",NA,"BIDMC","none","Mu_A","8",129.41293488,5.494784,782.0682,947.4427,8,"Spruce Woodchip","Weir","None"
"450","CalR000202","9","Mouse","Whole Body","GFP","Dark",36.7,NA,NA,0.0381451217066498,0.590936167777778,94.5926981742857,76.9625127257143,0.811596861857143,114.187142857143,23.6619388888889,NA,30.3588305555556,0.159607055555555,0.552791046071128,"2025-04-15T06:49:46Z","2025-04-18T05:49:46Z",71,"LabDiet 5008 3.56kcal/g",3.56,10,"GFP, Irisin","C57Bl/6","male",23,0,"Sable Systems: Promethion",NA,"BIDMC","none","Mu_A","9",21.27370204,5.745854,427.7008,541.6671,8,"Spruce Woodchip","Weir","None"
"451","CalR000213","1","Mouse","Whole Body","Cre","Light",30.5,20.36,10.07,0.0302239381921296,0.336570196944445,75.2656587091667,59.7335415341667,0.792023008333333,85.4027777777778,12.3527027777778,-1,17.7665138888889,0.0167829722222222,0.306346258752315,"2025-06-10T06:11:20Z","2025-06-13T05:11:20Z",71,"ResearchDiet 60 kcal% Fat 5.21kcal/g",5.21,10,"GDF3KO","C57Bl/6","male",23,0,"Sable Systems: Promethion",NA,"BIDMC","daily semaglutide injection","Prasad_Kotikalapudi","1",12.11652709,0.604187,273.1943,389.5463,8,"Kiln-dried Pine Woodchip","Weir","None"
"452","CalR000213","10","Mouse","Whole Body","Control","Light",30.9,23.24,7.33,0.0367294478356482,0.473129072777778,91.6147244916667,72.0612537666667,0.785506379861111,30.0375,13.8788388888889,-1,17.1017861111111,0.0246084166666666,0.43639962494213,"2025-06-10T06:11:20Z","2025-06-13T05:11:20Z",71,"ResearchDiet 60 kcal% Fat 5.21kcal/g",5.21,10,"GDF3KO","C57Bl/6","male",23,0,"Sable Systems: Promethion",NA,"BIDMC","daily semaglutide injection","Prasad_Kotikalapudi","10",17.03264662,0.885902999999999,307.6559,379.2198,8,"Kiln-dried Pine Woodchip","Weir","None"
"453","CalR000213","11","Mouse","Whole Body","Cre","Light",22.8,18.97,3.57,0.0263660314351852,0.1883922975,66.1880691166667,50.2216950916667,0.755859920694444,27.8152777777778,9.43003333333333,-1,12.6011055555556,0.0270606111111111,0.162026266064815,"2025-06-10T06:11:20Z","2025-06-13T05:11:20Z",71,"ResearchDiet 60 kcal% Fat 5.21kcal/g",5.21,10,"GDF3KO","C57Bl/6","male",23,0,"Sable Systems: Promethion",NA,"BIDMC","daily semaglutide injection","Prasad_Kotikalapudi","11",6.78212271,0.974182,206.4355,273.7784,8,"Kiln-dried Pine Woodchip","Weir","None"
"454","CalR000213","12","Mouse","Whole Body","Control","Light",33.7,20.3,13.15,0.0363108303240741,0.242118685833333,91.2780932,68.7188043833333,0.752191515833333,71.5694444444444,10.9418083333333,-1,16.4233916666667,0.0576543333333333,0.205807855509259,"2025-06-10T06:11:20Z","2025-06-13T05:11:20Z",71,"ResearchDiet 60 kcal% Fat 5.21kcal/g",5.21,10,"GDF3KO","C57Bl/6","male",23,0,"Sable Systems: Promethion",NA,"BIDMC","daily semaglutide injection","Prasad_Kotikalapudi","12",8.71627269,2.075556,225.6605,333.3233,8,"Kiln-dried Pine Woodchip","Weir","None"
"455","CalR000213","13","Mouse","Whole Body","Control","Light",31.5,20.94,10.34,0.0331672502893519,0.402082473611111,83.5857443833333,62.021324075,0.740288497638889,69.8375,12.3148972222222,-1,17.8476083333333,0.0771445555555555,0.368915223321759,"2025-06-10T06:11:20Z","2025-06-13T05:11:20Z",71,"ResearchDiet 60 kcal% Fat 5.21kcal/g",5.21,10,"GDF3KO","C57Bl/6","male",23,0,"Sable Systems: Promethion",NA,"BIDMC","daily semaglutide injection","Prasad_Kotikalapudi","13",14.47496905,2.777204,260.0813,375.1918,8,"Kiln-dried Pine Woodchip","Weir","None"
"456","CalR000213","14","Mouse","Whole Body","Cre","Light",27.4,20.08,6.85,0.0323903896180556,0.344651196388889,81.3798106416667,61.4528385583333,0.753198419722222,94.825,22.4438638888889,-1,29.9225861111111,0.0486499166666667,0.312260806770833,"2025-06-10T06:11:20Z","2025-06-13T05:11:20Z",71,"ResearchDiet 60 kcal% Fat 5.21kcal/g",5.21,10,"GDF3KO","C57Bl/6","male",23,0,"Sable Systems: Promethion",NA,"BIDMC","daily semaglutide injection","Prasad_Kotikalapudi","14",12.40744307,1.751397,442.537,596.5189,8,"Kiln-dried Pine Woodchip","Weir","None"
"457","CalR000213","15","Mouse","Whole Body","Cre","Light",29,22.34,6.52,0.0303822442708333,0.499002945833333,76.3258482333333,57.673385375,0.752275365416667,65.5972222222222,13.7955666666667,-1,19.4880666666667,0.0604300555555555,0.4686207015625,"2025-06-10T06:11:20Z","2025-06-13T05:11:20Z",71,"ResearchDiet 60 kcal% Fat 5.21kcal/g",5.21,10,"GDF3KO","C57Bl/6","male",23,0,"Sable Systems: Promethion",NA,"BIDMC","daily semaglutide injection","Prasad_Kotikalapudi","15",17.96410605,2.175482,283.8319,405.8733,8,"Kiln-dried Pine Woodchip","Weir","None"
"458","CalR000213","2","Mouse","Whole Body","Control","Light",28.7,21.42,6.97,0.0349225421990741,1.31108897444444,87.1503820666667,68.3642406083333,0.784072491944444,59.6458333333333,14.0262166666667,-1,18.3564777777778,0.0331355555555556,1.27616643224537,"2025-06-10T06:11:20Z","2025-06-13T05:11:20Z",71,"ResearchDiet 60 kcal% Fat 5.21kcal/g",5.21,10,"GDF3KO","C57Bl/6","male",23,0,"Sable Systems: Promethion",NA,"BIDMC","daily semaglutide injection","Prasad_Kotikalapudi","2",47.19920308,1.19288,283.3854,373.2366,8,"Kiln-dried Pine Woodchip","Weir","None"
"459","CalR000213","3","Mouse","Whole Body","Cre","Light",30.9,20.92,9.38,0.0303608320833333,0.225096602777778,75.9284077416667,58.8572555333333,0.773791003472222,67.6097222222222,11.5071777777778,-1,17.0104222222222,0.0536398888888889,0.194735770694444,"2025-06-10T06:11:20Z","2025-06-13T05:11:20Z",71,"ResearchDiet 60 kcal% Fat 5.21kcal/g",5.21,10,"GDF3KO","C57Bl/6","male",23,0,"Sable Systems: Promethion",NA,"BIDMC","daily semaglutide injection","Prasad_Kotikalapudi","3",8.1034777,1.931036,257.5735,376.2599,8,"Kiln-dried Pine Woodchip","Weir","None"
"460","CalR000213","5","Mouse","Whole Body","Cre","Light",30,20.78,9.03,0.0272512603368056,0.4533911325,67.5572233283333,54.9476554058333,0.812321073194444,90.0263888888889,13.6848833333333,-1,20.1494833333333,0.0914530833333333,0.426139872163194,"2025-06-10T06:11:20Z","2025-06-13T05:11:20Z",71,"ResearchDiet 60 kcal% Fat 5.21kcal/g",5.21,10,"GDF3KO","C57Bl/6","male",23,0,"Sable Systems: Promethion",NA,"BIDMC","daily semaglutide injection","Prasad_Kotikalapudi","5",16.32208077,3.292311,280.1399,412.6523,8,"Kiln-dried Pine Woodchip","Weir","None"
"461","CalR000213","6","Mouse","Whole Body","Control","Light",30,18.91,8.75,0.0310055473263889,0.118569903611111,77.8237694166667,59.09863535,0.757860026944444,64.3291666666667,13.4376972222222,-1,19.3330972222222,0.0368798333333333,0.0875643562847222,"2025-06-10T06:11:20Z","2025-06-13T05:11:20Z",71,"ResearchDiet 60 kcal% Fat 5.21kcal/g",5.21,10,"GDF3KO","C57Bl/6","male",23,0,"Sable Systems: Promethion",NA,"BIDMC","daily semaglutide injection","Prasad_Kotikalapudi","6",4.26851653,1.327674,301.08,431.2926,8,"Kiln-dried Pine Woodchip","Weir","None"
"462","CalR000213","7","Mouse","Whole Body","Cre","Light",25.6,20.34,4.48,0.0282897731134259,0.38503463,70.82287085,54.5789692666667,0.768819694861111,43.2180555555556,11.1233277777778,-1,15.745175,0.0312998611111111,0.356744856886574,"2025-06-10T06:11:20Z","2025-06-13T05:11:20Z",71,"ResearchDiet 60 kcal% Fat 5.21kcal/g",5.21,10,"GDF3KO","C57Bl/6","male",23,0,"Sable Systems: Promethion",NA,"BIDMC","daily semaglutide injection","Prasad_Kotikalapudi","7",13.86124668,1.126795,221.5766,311.1695,8,"Kiln-dried Pine Woodchip","Weir","None"
"463","CalR000213","8","Mouse","Whole Body","Control","Light",33.1,23.18,9.67,0.0351528605902778,0.368516469722222,87.9197298666667,68.1217634416667,0.773225436944444,97.2083333333333,23.6935,-1,30.7519027777778,0.07558925,0.333363609131945,"2025-06-10T06:11:20Z","2025-06-13T05:11:20Z",71,"ResearchDiet 60 kcal% Fat 5.21kcal/g",5.21,10,"GDF3KO","C57Bl/6","male",23,0,"Sable Systems: Promethion",NA,"BIDMC","daily semaglutide injection","Prasad_Kotikalapudi","8",13.26659291,2.721213,466.3025,608.7164,8,"Kiln-dried Pine Woodchip","Weir","None"
"464","CalR000213","9","Mouse","Whole Body","Control","Light",33.3,21.86,11.36,0.0362959655787037,0.309522047777778,91.4360439583333,67.9946943,0.743658174583333,60.6819444444444,15.8784888888889,-1,22.3627583333333,0.0441460277777778,0.273226082199074,"2025-06-10T06:11:20Z","2025-06-13T05:11:20Z",71,"ResearchDiet 60 kcal% Fat 5.21kcal/g",5.21,10,"GDF3KO","C57Bl/6","male",23,0,"Sable Systems: Promethion",NA,"BIDMC","daily semaglutide injection","Prasad_Kotikalapudi","9",11.14279372,1.589257,333.1934,462.7276,8,"Kiln-dried Pine Woodchip","Weir","None"
"465","CalR000213","1","Mouse","Whole Body","Cre","Full day",30.5,20.36,10.07,0.0165532403317985,1.81158747972222,82.3644706990141,65.6820688440845,0.795928267605634,111.632394366197,10.207225,-1,14.2274,0.0535890416666667,1.79503423939042,"2025-06-10T06:11:20Z","2025-06-13T05:11:20Z",71,"ResearchDiet 60 kcal% Fat 5.21kcal/g",5.21,10,"GDF3KO","C57Bl/6","male",23,0,"Sable Systems: Promethion",NA,"BIDMC","daily semaglutide injection","Prasad_Kotikalapudi","1",130.43429854,3.858411,347.0909,488.7135,8,"Kiln-dried Pine Woodchip","Weir","None"
"466","CalR000213","10","Mouse","Whole Body","Control","Full day",30.9,23.24,7.33,0.0200360989736816,0.814503034444444,99.9940238408451,78.5130626577465,0.784725328732394,79.1380281690141,12.2308236111111,-1,14.9562819444445,0.0662203611111111,0.794466935470763,"2025-06-10T06:11:20Z","2025-06-13T05:11:20Z",71,"ResearchDiet 60 kcal% Fat 5.21kcal/g",5.21,10,"GDF3KO","C57Bl/6","male",23,0,"Sable Systems: Promethion",NA,"BIDMC","daily semaglutide injection","Prasad_Kotikalapudi","10",58.64421848,4.767866,451.7859,551.8812,8,"Kiln-dried Pine Woodchip","Weir","None"
"467","CalR000213","11","Mouse","Whole Body","Cre","Full day",22.8,18.97,3.57,0.0145464820507498,0.486896714861111,72.8673569661972,56.1826087225352,0.767457950211268,61.856338028169,7.99245833333333,-1,10.5695652777778,0.0637282777777778,0.472350232810361,"2025-06-10T06:11:20Z","2025-06-13T05:11:20Z",71,"ResearchDiet 60 kcal% Fat 5.21kcal/g",5.21,10,"GDF3KO","C57Bl/6","male",23,0,"Sable Systems: Promethion",NA,"BIDMC","daily semaglutide injection","Prasad_Kotikalapudi","11",35.05656347,4.588436,291.8166,386.1138,8,"Kiln-dried Pine Woodchip","Weir","None"
"468","CalR000213","12","Mouse","Whole Body","Control","Full day",33.7,20.3,13.15,0.0191859056621125,0.616245746666667,96.3562434253521,73.2383738830986,0.758456493873239,99.962676056338,8.51452638888889,-1,12.4757388888889,0.12284425,0.597059841004554,"2025-06-10T06:11:20Z","2025-06-13T05:11:20Z",71,"ResearchDiet 60 kcal% Fat 5.21kcal/g",5.21,10,"GDF3KO","C57Bl/6","male",23,0,"Sable Systems: Promethion",NA,"BIDMC","daily semaglutide injection","Prasad_Kotikalapudi","12",44.36969376,8.844786,293.7056,429.847,8,"Kiln-dried Pine Woodchip","Weir","None"
"469","CalR000213","13","Mouse","Whole Body","Control","Full day",31.5,20.94,10.34,0.0181688748827496,1.23113551847222,91.378112856338,68.8990817915493,0.751060841408451,117.638732394366,10.2240680555556,-1,14.5034652777778,0.108069097222222,1.21296664358947,"2025-06-10T06:11:20Z","2025-06-13T05:11:20Z",71,"ResearchDiet 60 kcal% Fat 5.21kcal/g",5.21,10,"GDF3KO","C57Bl/6","male",23,0,"Sable Systems: Promethion",NA,"BIDMC","daily semaglutide injection","Prasad_Kotikalapudi","13",88.64175733,7.780975,347.3162,497.8184,8,"Kiln-dried Pine Woodchip","Weir","None"
"470","CalR000213","14","Mouse","Whole Body","Cre","Full day",27.4,20.08,6.85,0.0176320436514946,1.02590775722222,88.3534818042254,67.9578606971831,0.766639253591549,135.137323943662,17.0112430555555,-1,22.3378444444444,0.0665758611111111,1.00827571357073,"2025-06-10T06:11:20Z","2025-06-13T05:11:20Z",71,"ResearchDiet 60 kcal% Fat 5.21kcal/g",5.21,10,"GDF3KO","C57Bl/6","male",23,0,"Sable Systems: Promethion",NA,"BIDMC","daily semaglutide injection","Prasad_Kotikalapudi","14",73.86535852,4.793462,560.1535,739.897,8,"Kiln-dried Pine Woodchip","Weir","None"
"471","CalR000213","15","Mouse","Whole Body","Cre","Full day",29,22.34,6.52,0.0167592402439362,0.68578643875,84.2518265535211,63.696471215493,0.753351043943662,115.406338028169,10.8521486111111,-1,15.1979527777778,0.151402444444445,0.669027198506064,"2025-06-10T06:11:20Z","2025-06-13T05:11:20Z",71,"ResearchDiet 60 kcal% Fat 5.21kcal/g",5.21,10,"GDF3KO","C57Bl/6","male",23,0,"Sable Systems: Promethion",NA,"BIDMC","daily semaglutide injection","Prasad_Kotikalapudi","15",49.37662359,10.900976,361.1895,512.7442,8,"Kiln-dried Pine Woodchip","Weir","None"
"472","CalR000213","2","Mouse","Whole Body","Control","Full day",28.7,21.42,6.97,0.0184544716098027,1.72395810180555,91.9944061605634,72.6997207140845,0.788978521549296,82.343661971831,10.6822319444444,-1,13.8329277777778,0.0565020138888889,1.70550363019575,"2025-06-10T06:11:20Z","2025-06-13T05:11:20Z",71,"ResearchDiet 60 kcal% Fat 5.21kcal/g",5.21,10,"GDF3KO","C57Bl/6","male",23,0,"Sable Systems: Promethion",NA,"BIDMC","daily semaglutide injection","Prasad_Kotikalapudi","2",124.12498333,4.068145,365.3326,478.0686,8,"Kiln-dried Pine Woodchip","Weir","None"
"473","CalR000213","3","Mouse","Whole Body","Cre","Full day",30.9,20.92,9.38,0.016482741167346,0.458920317361111,82.435729943662,63.881645471831,0.773206600492958,123.517605633803,10.4284055555556,-1,14.8180819444444,0.0778116111111111,0.442437576193765,"2025-06-10T06:11:20Z","2025-06-13T05:11:20Z",71,"ResearchDiet 60 kcal% Fat 5.21kcal/g",5.21,10,"GDF3KO","C57Bl/6","male",23,0,"Sable Systems: Promethion",NA,"BIDMC","daily semaglutide injection","Prasad_Kotikalapudi","3",33.04226285,5.602436,379.9288,539.6561,8,"Kiln-dried Pine Woodchip","Weir","None"
"474","CalR000213","5","Mouse","Whole Body","Cre","Full day",30,20.78,9.03,0.014831060479607,0.572916202777778,73.5005710664789,59.8802998297183,0.813305743661972,128.76338028169,11.0517097222222,-1,15.8678847222222,0.121810152777778,0.558085142298171,"2025-06-10T06:11:20Z","2025-06-13T05:11:20Z",71,"ResearchDiet 60 kcal% Fat 5.21kcal/g",5.21,10,"GDF3KO","C57Bl/6","male",23,0,"Sable Systems: Promethion",NA,"BIDMC","daily semaglutide injection","Prasad_Kotikalapudi","5",41.2499666,8.770331,378.4546,550.1527,8,"Kiln-dried Pine Woodchip","Weir","None"
"475","CalR000213","6","Mouse","Whole Body","Control","Full day",30,18.91,8.75,0.017023063866244,0.50962852375,85.2080564112676,65.8824366084507,0.770469454647887,115.923943661972,11.3472527777778,-1,15.9657763888889,0.0543101388888889,0.492605459883756,"2025-06-10T06:11:20Z","2025-06-13T05:11:20Z",71,"ResearchDiet 60 kcal% Fat 5.21kcal/g",5.21,10,"GDF3KO","C57Bl/6","male",23,0,"Sable Systems: Promethion",NA,"BIDMC","daily semaglutide injection","Prasad_Kotikalapudi","6",36.69325371,3.91033,387.4322,553.1105,8,"Kiln-dried Pine Woodchip","Weir","None"
"476","CalR000213","7","Mouse","Whole Body","Cre","Full day",25.6,20.34,4.48,0.0155085558186141,1.22325032819444,77.4678932028169,60.5312881014084,0.778933189084507,65.7605633802817,8.58915416666667,-1,11.8709708333333,0.0514930555555556,1.20774177237583,"2025-06-10T06:11:20Z","2025-06-13T05:11:20Z",71,"ResearchDiet 60 kcal% Fat 5.21kcal/g",5.21,10,"GDF3KO","C57Bl/6","male",23,0,"Sable Systems: Promethion",NA,"BIDMC","daily semaglutide injection","Prasad_Kotikalapudi","7",88.07402363,3.7075,278.495,382.5081,8,"Kiln-dried Pine Woodchip","Weir","None"
"477","CalR000213","8","Mouse","Whole Body","Control","Full day",33.1,23.18,9.67,0.0188656417727204,0.696612022777778,94.1590794887324,73.9930585859155,0.783542957464789,136.464788732394,17.7146041666667,-1,22.8074888888889,0.0817964027777778,0.677746381005057,"2025-06-10T06:11:20Z","2025-06-13T05:11:20Z",71,"ResearchDiet 60 kcal% Fat 5.21kcal/g",5.21,10,"GDF3KO","C57Bl/6","male",23,0,"Sable Systems: Promethion",NA,"BIDMC","daily semaglutide injection","Prasad_Kotikalapudi","8",50.15606564,5.889341,584.9354,763.0337,8,"Kiln-dried Pine Woodchip","Weir","None"
"478","CalR000213","9","Mouse","Whole Body","Control","Full day",33.3,21.86,11.36,0.0193980467785075,0.915867491944444,97.4739556732394,73.481274456338,0.752828442394366,95.4992957746479,12.1674430555556,-1,16.8624333333333,0.0808031805555556,0.896469445165937,"2025-06-10T06:11:20Z","2025-06-13T05:11:20Z",71,"ResearchDiet 60 kcal% Fat 5.21kcal/g",5.21,10,"GDF3KO","C57Bl/6","male",23,0,"Sable Systems: Promethion",NA,"BIDMC","daily semaglutide injection","Prasad_Kotikalapudi","9",65.94245942,5.817829,405.8155,562.2541,8,"Kiln-dried Pine Woodchip","Weir","None"
"479","CalR000213","1","Mouse","Whole Body","Cre","Dark",30.5,20.36,10.07,0.0360471126704546,3.2866047625,89.6661058885714,71.8005540771429,0.799945105714286,138.611428571429,20.41445,-1,28.4548,0.0903951111111111,3.25055764982954,"2025-06-10T06:11:20Z","2025-06-13T05:11:20Z",71,"ResearchDiet 60 kcal% Fat 5.21kcal/g",5.21,10,"GDF3KO","C57Bl/6","male",23,0,"Sable Systems: Promethion",NA,"BIDMC","daily semaglutide injection","Prasad_Kotikalapudi","1",118.31777145,3.254224,347.0909,488.7135,8,"Kiln-dried Pine Woodchip","Weir","None"
"480","CalR000213","10","Mouse","Whole Body","Control","Dark",30.9,23.24,7.33,0.0435480928156566,1.15587699611111,108.612731742857,85.1492089457143,0.783921961857143,129.641428571429,24.4616472222222,-1,29.9125638888889,0.107832305555556,1.11232890329545,"2025-06-10T06:11:20Z","2025-06-13T05:11:20Z",71,"ResearchDiet 60 kcal% Fat 5.21kcal/g",5.21,10,"GDF3KO","C57Bl/6","male",23,0,"Sable Systems: Promethion",NA,"BIDMC","daily semaglutide injection","Prasad_Kotikalapudi","10",41.61157186,3.881963,451.7859,551.8812,8,"Kiln-dried Pine Woodchip","Weir","None"
"481","CalR000213","11","Mouse","Whole Body","Cre","Dark",22.8,18.97,3.57,0.0319219757502104,0.785401132222222,79.7374816114286,62.3138341714286,0.779387352,96.87,15.9849166666667,-1,21.1391305555556,0.100395944444444,0.753479156472012,"2025-06-10T06:11:20Z","2025-06-13T05:11:20Z",71,"ResearchDiet 60 kcal% Fat 5.21kcal/g",5.21,10,"GDF3KO","C57Bl/6","male",23,0,"Sable Systems: Promethion",NA,"BIDMC","daily semaglutide injection","Prasad_Kotikalapudi","11",28.27444076,3.614254,291.8166,386.1138,8,"Kiln-dried Pine Woodchip","Weir","None"
"482","CalR000213","12","Mouse","Whole Body","Control","Dark",33.7,20.3,13.15,0.0405059048284933,0.9903728075,101.579483657143,77.88707394,0.764900471285714,129.167142857143,17.0290527777778,-1,24.9514777777778,0.188034166666667,0.949866902671507,"2025-06-10T06:11:20Z","2025-06-13T05:11:20Z",71,"ResearchDiet 60 kcal% Fat 5.21kcal/g",5.21,10,"GDF3KO","C57Bl/6","male",23,0,"Sable Systems: Promethion",NA,"BIDMC","daily semaglutide injection","Prasad_Kotikalapudi","12",35.65342107,6.76923,293.7056,429.847,8,"Kiln-dried Pine Woodchip","Weir","None"
"483","CalR000213","13","Mouse","Whole Body","Control","Dark",31.5,20.94,10.34,0.0396022078103956,2.06018856333333,99.3931204285714,75.9733468714286,0.762140966428571,166.805714285714,20.4481361111111,-1,29.0069305555556,0.138993638888889,2.02058635552294,"2025-06-10T06:11:20Z","2025-06-13T05:11:20Z",71,"ResearchDiet 60 kcal% Fat 5.21kcal/g",5.21,10,"GDF3KO","C57Bl/6","male",23,0,"Sable Systems: Promethion",NA,"BIDMC","daily semaglutide injection","Prasad_Kotikalapudi","13",74.16678828,5.003771,347.3162,497.8184,8,"Kiln-dried Pine Woodchip","Weir","None"
"484","CalR000213","14","Mouse","Whole Body","Cre","Dark",27.4,20.08,6.85,0.0382398367508418,1.70716431805556,95.5264007142857,74.6487406114286,0.780464111285714,176.601428571429,34.0224861111111,-1,44.6756888888889,0.0845018055555555,1.66892448130471,"2025-06-10T06:11:20Z","2025-06-13T05:11:20Z",71,"ResearchDiet 60 kcal% Fat 5.21kcal/g",5.21,10,"GDF3KO","C57Bl/6","male",23,0,"Sable Systems: Promethion",NA,"BIDMC","daily semaglutide injection","Prasad_Kotikalapudi","14",61.45791545,3.042065,560.1535,739.897,8,"Kiln-dried Pine Woodchip","Weir","None"
"485","CalR000213","15","Mouse","Whole Body","Cre","Dark",29,22.34,6.52,0.0367643788773148,0.872569931666667,92.4042613971429,69.8916452228571,0.754457456142857,166.638571428571,21.7042972222222,-1,30.3959055555556,0.242374833333333,0.835805552789352,"2025-06-10T06:11:20Z","2025-06-13T05:11:20Z",71,"ResearchDiet 60 kcal% Fat 5.21kcal/g",5.21,10,"GDF3KO","C57Bl/6","male",23,0,"Sable Systems: Promethion",NA,"BIDMC","daily semaglutide injection","Prasad_Kotikalapudi","15",31.41251754,8.725494,361.1895,512.7442,8,"Kiln-dried Pine Woodchip","Weir","None"
"486","CalR000213","2","Mouse","Whole Body","Control","Dark",28.7,21.42,6.97,0.0389539448232323,2.13682722916667,96.9768309428571,77.15907168,0.794024723428571,105.69,21.3644638888889,-1,27.6658555555556,0.0798684722222222,2.09787328434343,"2025-06-10T06:11:20Z","2025-06-13T05:11:20Z",71,"ResearchDiet 60 kcal% Fat 5.21kcal/g",5.21,10,"GDF3KO","C57Bl/6","male",23,0,"Sable Systems: Promethion",NA,"BIDMC","daily semaglutide injection","Prasad_Kotikalapudi","2",76.92578025,2.875265,365.3326,478.0686,8,"Kiln-dried Pine Woodchip","Weir","None"
"487","CalR000213","3","Mouse","Whole Body","Cre","Dark",30.9,20.92,9.38,0.0356576402798822,0.692744031944444,89.1289756371429,69.0495894085714,0.772605500285714,181.022857142857,20.8568111111111,-1,29.6361638888889,0.101983333333333,0.657086391664562,"2025-06-10T06:11:20Z","2025-06-13T05:11:20Z",71,"ResearchDiet 60 kcal% Fat 5.21kcal/g",5.21,10,"GDF3KO","C57Bl/6","male",23,0,"Sable Systems: Promethion",NA,"BIDMC","daily semaglutide injection","Prasad_Kotikalapudi","3",24.93878515,3.6714,379.9288,539.6561,8,"Kiln-dried Pine Woodchip","Weir","None"
"488","CalR000213","5","Mouse","Whole Body","Cre","Dark",30,20.78,9.03,0.0321518855545034,0.692441273055556,79.61372874,64.9538769514286,0.814318547571429,168.607142857143,22.1034194444444,-1,31.7357694444445,0.152167222222222,0.660289387501052,"2025-06-10T06:11:20Z","2025-06-13T05:11:20Z",71,"ResearchDiet 60 kcal% Fat 5.21kcal/g",5.21,10,"GDF3KO","C57Bl/6","male",23,0,"Sable Systems: Promethion",NA,"BIDMC","daily semaglutide injection","Prasad_Kotikalapudi","5",24.92788583,5.47802,378.4546,550.1527,8,"Kiln-dried Pine Woodchip","Weir","None"
"489","CalR000213","6","Mouse","Whole Body","Control","Dark",30,18.91,8.75,0.0371748183449074,0.900687143888889,92.8033230342857,72.86006076,0.783439151714286,168.992857142857,22.6945055555556,-1,31.9315527777778,0.0717404444444444,0.863512325543981,"2025-06-10T06:11:20Z","2025-06-13T05:11:20Z",71,"ResearchDiet 60 kcal% Fat 5.21kcal/g",5.21,10,"GDF3KO","C57Bl/6","male",23,0,"Sable Systems: Promethion",NA,"BIDMC","daily semaglutide injection","Prasad_Kotikalapudi","6",32.42473718,2.582656,387.4322,553.1105,8,"Kiln-dried Pine Woodchip","Weir","None"
"490","CalR000213","7","Mouse","Whole Body","Cre","Dark",25.6,20.34,4.48,0.0338189461921296,2.06146602638889,84.3027733371429,66.6536731885714,0.789335640285714,88.9471428571429,17.1783083333333,-1,23.7419416666667,0.07168625,2.02764708019676,"2025-06-10T06:11:20Z","2025-06-13T05:11:20Z",71,"ResearchDiet 60 kcal% Fat 5.21kcal/g",5.21,10,"GDF3KO","C57Bl/6","male",23,0,"Sable Systems: Promethion",NA,"BIDMC","daily semaglutide injection","Prasad_Kotikalapudi","7",74.21277695,2.580705,278.495,382.5081,8,"Kiln-dried Pine Woodchip","Weir","None"
"491","CalR000213","8","Mouse","Whole Body","Control","Dark",33.1,23.18,9.67,0.0404029796790825,1.02470757583333,100.576696242857,80.03210502,0.794155264285714,176.842857142857,35.4292083333333,-1,45.6149777777778,0.0880035555555556,0.984304596154251,"2025-06-10T06:11:20Z","2025-06-13T05:11:20Z",71,"ResearchDiet 60 kcal% Fat 5.21kcal/g",5.21,10,"GDF3KO","C57Bl/6","male",23,0,"Sable Systems: Promethion",NA,"BIDMC","daily semaglutide injection","Prasad_Kotikalapudi","8",36.88947273,3.168128,584.9354,763.0337,8,"Kiln-dried Pine Woodchip","Weir","None"
"492","CalR000213","9","Mouse","Whole Body","Control","Dark",33.3,21.86,11.36,0.0413351862089646,1.52221293611111,103.684379151429,79.1246140457143,0.762260717857143,131.311428571429,24.3348861111111,-1,33.7248666666667,0.117460333333333,1.48087774990215,"2025-06-10T06:11:20Z","2025-06-13T05:11:20Z",71,"ResearchDiet 60 kcal% Fat 5.21kcal/g",5.21,10,"GDF3KO","C57Bl/6","male",23,0,"Sable Systems: Promethion",NA,"BIDMC","daily semaglutide injection","Prasad_Kotikalapudi","9",54.7996657,4.228572,405.8155,562.2541,8,"Kiln-dried Pine Woodchip","Weir","None"
"493","CalR000171","17","Mouse","Whole Body","AdCreERT2/+","Light",38.1,27.66,9.92,0.0393958373158029,0.240597211742222,96.6664337414966,81.6788439319728,0.842364305895692,105.192743764172,10.5945279722222,-1,16.8749140000889,0.09809725,0.201201374426419,"2024-06-24T15:59:26Z","2024-06-26T14:59:26Z",47,"LabDiet 5008 3.56kcal/g",3.56,10,"Smad AdCreERT2/+","C57Bl/6","male",23,0,"Sable Systems: Promethion",NA,"BIDMC","none","Deepti_Ramachandran","17",8.66149962272,3.531501,239.5904,383.8623593344,10,"Corncob","Weir","Igloo (Plastic)"
"494","CalR000171","18","Mouse","Whole Body","+/+","Light",34.3,27.01,6.06,0.0392183738904415,0.361428189111111,94.563647170068,81.465054585034,0.857246795011338,124.342403628118,12.2456980555556,-1,18.2268120370833,0.0680993333333333,0.32220981522067,"2024-06-24T15:59:26Z","2024-06-26T14:59:26Z",47,"LabDiet 5008 3.56kcal/g",3.56,10,"Smad AdCreERT2/+","C57Bl/6","male",23,0,"Sable Systems: Promethion",NA,"BIDMC","none","Deepti_Ramachandran","18",13.011414808,2.451576,275.9645,408.732594445,10,"Corncob","Weir","Igloo (Plastic)"
"495","CalR000171","19","Mouse","Whole Body","+/+","Light",33.7,27.75,4.66,0.0389691489665199,0,93.8040029659864,79.4961349251701,0.842927499546485,103.142857142857,8.87279721297222,-1,13.4599834616667,0.0593367277777778,-0.0389691489665199,"2024-06-24T15:59:26Z","2024-06-26T14:59:26Z",47,"LabDiet 5008 3.56kcal/g",3.56,10,"Smad AdCreERT2/+","C57Bl/6","male",23,0,"Sable Systems: Promethion",NA,"BIDMC","none","Deepti_Ramachandran","19",0,2.1361222,218.107888889,325.47037854,10,"Corncob","Weir","Igloo (Plastic)"
"496","CalR000171","20","Mouse","Whole Body","AdCreERT2/+","Light",31.9,26.48,4.14,0.0447048527573114,0.162694667033333,103.216479319728,84.6924481768708,0.815083366213152,95.1451247165533,11.0383023694444,-1,15.9951805194444,0.0480018138888889,0.117989814276022,"2024-06-24T15:59:26Z","2024-06-26T14:59:26Z",47,"LabDiet 5008 3.56kcal/g",3.56,10,"Smad AdCreERT2/+","C57Bl/6","male",23,0,"Sable Systems: Promethion",NA,"BIDMC","none","Deepti_Ramachandran","20",5.8570080132,1.7280653,258.0247611,371.8622229,10,"Corncob","Weir","Igloo (Plastic)"
"497","CalR000171","21","Mouse","Whole Body","AdCreERT2/+","Light",32.1,26.24,4.43,0.0378032651463697,0.188457895555556,87.6396262040816,76.775612462585,0.869875042630386,64.2312925170068,11.134857705,-1,15.4397984027778,0.0295373055555555,0.150654630409186,"2024-06-24T15:59:26Z","2024-06-26T14:59:26Z",47,"LabDiet 5008 3.56kcal/g",3.56,10,"Smad AdCreERT2/+","C57Bl/6","male",23,0,"Sable Systems: Promethion",NA,"BIDMC","none","Deepti_Ramachandran","21",6.78448424,1.063343,265.81564146,369.6966555,10,"Corncob","Weir","Igloo (Plastic)"
"498","CalR000171","23","Mouse","Whole Body","+/+","Light",31.1,26.04,3.71,0.0403378022291384,0.300291142222222,93.9803401360544,81.4367516598639,0.86386946031746,103.503401360544,13.6103292972222,-1,19.5922315833333,0.0260588802777778,0.259953339993084,"2024-06-24T15:59:26Z","2024-06-26T14:59:26Z",47,"LabDiet 5008 3.56kcal/g",3.56,10,"Smad AdCreERT2/+","C57Bl/6","male",23,0,"Sable Systems: Promethion",NA,"BIDMC","none","Deepti_Ramachandran","23",10.81048112,0.93811969,323.0313249,460.033899,10,"Corncob","Weir","Igloo (Plastic)"
"499","CalR000171","24","Mouse","Whole Body","AdCreERT2/+","Light",30.1,25.05,3.9,0.0392585572909609,0.115417771111111,93.3852484217687,78.9948390612245,0.841977987755102,94.0839002267574,16.0527369744444,-1,21.3933883988889,0.02480205,0.0761592138201501,"2024-06-24T15:59:26Z","2024-06-26T14:59:26Z",47,"LabDiet 5008 3.56kcal/g",3.56,10,"Smad AdCreERT2/+","C57Bl/6","male",23,0,"Sable Systems: Promethion",NA,"BIDMC","none","Deepti_Ramachandran","24",4.15503976,0.892873799999999,393.42657336,515.95172412,10,"Corncob","Weir","Igloo (Plastic)"
"500","CalR000171","31","Mouse","Whole Body","AdCreERT2/+","Light",32.6,26.83,4.48,0.0468870542592593,0.487672533333333,108.309365442177,89.3093145442177,0.822999424036281,124.31746031746,11.1482279833333,-1,16.6968565111111,0.0633738916666667,0.440785479074074,"2024-06-24T15:59:26Z","2024-06-26T14:59:26Z",47,"LabDiet 5008 3.56kcal/g",3.56,10,"Smad AdCreERT2/+","C57Bl/6","male",23,0,"Sable Systems: Promethion",NA,"BIDMC","none","Deepti_Ramachandran","31",17.5562112,2.2814601,254.2391158,381.8596248,10,"Corncob","Weir","Igloo (Plastic)"
"501","CalR000171","32","Mouse","Whole Body","+/+","Light",28,23.19,3.79,0.0406410575852529,0.0233821492222223,99.0609680272109,79.6003811972789,0.795847171428571,108.668934240363,9.83662875277778,-1,14.9732543472222,0.0324808419444444,-0.0172589083630307,"2024-06-24T15:59:26Z","2024-06-26T14:59:26Z",47,"LabDiet 5008 3.56kcal/g",3.56,10,"Smad AdCreERT2/+","C57Bl/6","male",23,0,"Sable Systems: Promethion",NA,"BIDMC","none","Deepti_Ramachandran","32",0.841757372000001,1.16931031,207.5642517,323.0949855,10,"Corncob","Weir","Igloo (Plastic)"
"502","CalR000171","17","Mouse","Whole Body","AdCreERT2/+","Full day",38.1,27.66,9.92,0.0209137379615317,0.258631676111111,104.468015413681,85.5190095830619,0.816379555374593,147.697068403909,7.75289444444444,-1,12.2228496944889,0.112966875,0.237717938149579,"2024-06-24T15:59:26Z","2024-06-26T14:59:26Z",47,"LabDiet 5008 3.56kcal/g",3.56,10,"Smad AdCreERT2/+","C57Bl/6","male",23,0,"Sable Systems: Promethion",NA,"BIDMC","none","Deepti_Ramachandran","17",18.62148068,8.133615,239.5904,383.8623593344,10,"Corncob","Weir","Igloo (Plastic)"
"503","CalR000171","18","Mouse","Whole Body","+/+","Full day",34.3,27.01,6.06,0.0204340411193901,0.417102505,101.667348912052,90.2457208143322,0.87941707980456,145.945711183496,8.57794166666667,-1,12.6919886574306,0.125117791666667,0.39666846388061,"2024-06-24T15:59:26Z","2024-06-26T14:59:26Z",47,"LabDiet 5008 3.56kcal/g",3.56,10,"Smad AdCreERT2/+","C57Bl/6","male",23,0,"Sable Systems: Promethion",NA,"BIDMC","none","Deepti_Ramachandran","18",30.03138036,9.008481,275.9645,408.732594445,10,"Corncob","Weir","Igloo (Plastic)"
"504","CalR000171","19","Mouse","Whole Body","+/+","Full day",33.7,27.75,4.66,0.0200477681335673,0,99.3515045472313,86.9520597394137,0.86970533669924,120.28447339848,6.50078856481944,-1,9.68209632805556,0.0957485833333333,-0.0200477681335673,"2024-06-24T15:59:26Z","2024-06-26T14:59:26Z",47,"LabDiet 5008 3.56kcal/g",3.56,10,"Smad AdCreERT2/+","C57Bl/6","male",23,0,"Sable Systems: Promethion",NA,"BIDMC","none","Deepti_Ramachandran","19",0,6.893898,218.107888889,325.47037854,10,"Corncob","Weir","Igloo (Plastic)"
"505","CalR000171","20","Mouse","Whole Body","AdCreERT2/+","Full day",31.9,26.48,4.14,0.0223722438931725,0.365352021111111,111.530047361564,95.5557526905537,0.848819902062975,119.613463626493,8.05156282361111,-1,11.5068217875,0.114979736111111,0.342979777217939,"2024-06-24T15:59:26Z","2024-06-26T14:59:26Z",47,"LabDiet 5008 3.56kcal/g",3.56,10,"Smad AdCreERT2/+","C57Bl/6","male",23,0,"Sable Systems: Promethion",NA,"BIDMC","none","Deepti_Ramachandran","20",26.30534552,8.278541,258.0247611,371.8622229,10,"Corncob","Weir","Igloo (Plastic)"
"506","CalR000171","21","Mouse","Whole Body","AdCreERT2/+","Full day",32.1,26.24,4.43,0.0200319471422849,0.472973540555556,99.148634762215,88.9819449967427,0.889029148208469,108.116178067318,8.55679061638889,-1,11.7622398125,0.101807222222222,0.452941593413271,"2024-06-24T15:59:26Z","2024-06-26T14:59:26Z",47,"LabDiet 5008 3.56kcal/g",3.56,10,"Smad AdCreERT2/+","C57Bl/6","male",23,0,"Sable Systems: Promethion",NA,"BIDMC","none","Deepti_Ramachandran","21",34.05409492,7.33012,265.81564146,369.6966555,10,"Corncob","Weir","Igloo (Plastic)"
"507","CalR000171","23","Mouse","Whole Body","+/+","Full day",31.1,26.04,3.71,0.020682546116929,0.494539377777778,102.371218827362,89.8411750228013,0.87337813072747,135.99782844734,9.90894409305556,-1,14.1277652361111,0.0997940416666667,0.473856831660849,"2024-06-24T15:59:26Z","2024-06-26T14:59:26Z",47,"LabDiet 5008 3.56kcal/g",3.56,10,"Smad AdCreERT2/+","C57Bl/6","male",23,0,"Sable Systems: Promethion",NA,"BIDMC","none","Deepti_Ramachandran","23",35.6068352,7.185171,323.0313249,460.033899,10,"Corncob","Weir","Igloo (Plastic)"
"508","CalR000171","24","Mouse","Whole Body","AdCreERT2/+","Full day",30.1,25.05,3.9,0.0209144974622504,0.299051866666667,104.71240123127,91.4240332703583,0.865302283604777,141.365906623236,12.2828600011111,-1,16.1068829494444,0.105683527777778,0.278137369204416,"2024-06-24T15:59:26Z","2024-06-26T14:59:26Z",47,"LabDiet 5008 3.56kcal/g",3.56,10,"Smad AdCreERT2/+","C57Bl/6","male",23,0,"Sable Systems: Promethion",NA,"BIDMC","none","Deepti_Ramachandran","24",21.5317344,7.609214,393.42657336,515.95172412,10,"Corncob","Weir","Igloo (Plastic)"
"509","CalR000171","31","Mouse","Whole Body","AdCreERT2/+","Full day",32.6,26.83,4.48,0.0220581224875095,0.352125533333333,109.196217003257,89.9082071661238,0.821620063192182,125.376764386536,7.37559579722222,-1,11.1052093666667,0.0832085138888889,0.330067410845824,"2024-06-24T15:59:26Z","2024-06-26T14:59:26Z",47,"LabDiet 5008 3.56kcal/g",3.56,10,"Smad AdCreERT2/+","C57Bl/6","male",23,0,"Sable Systems: Promethion",NA,"BIDMC","none","Deepti_Ramachandran","31",25.3530384,5.991013,254.2391158,381.8596248,10,"Corncob","Weir","Igloo (Plastic)"
"510","CalR000171","32","Mouse","Whole Body","+/+","Full day",28,23.19,3.79,0.0205490622570268,0.359205186666667,104.186467296417,87.6342841693811,0.833230709771987,124.497285559175,6.71366034861111,-1,10.2683910625,0.106025013888889,0.33865612440964,"2024-06-24T15:59:26Z","2024-06-26T14:59:26Z",47,"LabDiet 5008 3.56kcal/g",3.56,10,"Smad AdCreERT2/+","C57Bl/6","male",23,0,"Sable Systems: Promethion",NA,"BIDMC","none","Deepti_Ramachandran","32",25.86277344,7.633801,207.5642517,323.0949855,10,"Corncob","Weir","Igloo (Plastic)"
"511","CalR000171","17","Mouse","Whole Body","AdCreERT2/+","Dark",38.1,27.66,9.92,0.0448702104166667,0.41499921072,111.635718575,89.047161775,0.792506065833333,186.747916666667,13.27575,-1,20.6742841112,0.19175475,0.370129000303333,"2024-06-24T15:59:26Z","2024-06-26T14:59:26Z",47,"LabDiet 5008 3.56kcal/g",3.56,10,"Smad AdCreERT2/+","C57Bl/6","male",23,0,"Sable Systems: Promethion",NA,"BIDMC","none","Deepti_Ramachandran","17",9.95998105728,4.602114,215.5663,341.0007593344,10,"Corncob","Weir","Igloo (Plastic)"
"512","CalR000171","18","Mouse","Whole Body","+/+","Dark",34.3,27.01,6.06,0.0445938490798611,0.709165231333333,108.1938748875,98.3129579125,0.899786028958333,165.79375,14.2353041666667,-1,21.04544120375,0.273204375,0.664571382253472,"2024-06-24T15:59:26Z","2024-06-26T14:59:26Z",47,"LabDiet 5008 3.56kcal/g",3.56,10,"Smad AdCreERT2/+","C57Bl/6","male",23,0,"Sable Systems: Promethion",NA,"BIDMC","none","Deepti_Ramachandran","18",17.019965552,6.556905,233.4464,346.842294445,10,"Corncob","Weir","Igloo (Plastic)"
"513","CalR000171","19","Mouse","Whole Body","+/+","Dark",33.7,27.75,4.66,0.0429479880729167,0,104.448271625,93.8021906625,0.894307474583333,136.033333333333,10.41453699075,-1,15.4850232116667,0.198240658333333,-0.0429479880729167,"2024-06-24T15:59:26Z","2024-06-26T14:59:26Z",47,"LabDiet 5008 3.56kcal/g",3.56,10,"Smad AdCreERT2/+","C57Bl/6","male",23,0,"Sable Systems: Promethion",NA,"BIDMC","none","Deepti_Ramachandran","19",0,4.7577758,186.976988889,278.09527854,10,"Corncob","Weir","Igloo (Plastic)"
"514","CalR000171","20","Mouse","Whole Body","AdCreERT2/+","Dark",31.9,26.48,4.14,0.0488637419618056,0.852014062783333,119.168138,105.5364137125,0.879815344375,142.09375,13.4036567583333,-1,19.026206075,0.2729364875,0.803150320821528,"2024-06-24T15:59:26Z","2024-06-26T14:59:26Z",47,"LabDiet 5008 3.56kcal/g",3.56,10,"Smad AdCreERT2/+","C57Bl/6","male",23,0,"Sable Systems: Promethion",NA,"BIDMC","none","Deepti_Ramachandran","20",20.4483375068,6.5504757,227.7671611,324.9502229,10,"Corncob","Weir","Igloo (Plastic)"
"515","CalR000171","21","Mouse","Whole Body","AdCreERT2/+","Dark",32.1,26.24,4.43,0.0452694882465278,1.13623377833333,109.722536375,100.1965130125,0.906626982708333,148.435416666667,14.5947201216667,-1,19.882692125,0.261115708333333,1.09096429008681,"2024-06-24T15:59:26Z","2024-06-26T14:59:26Z",47,"LabDiet 5008 3.56kcal/g",3.56,10,"Smad AdCreERT2/+","C57Bl/6","male",23,0,"Sable Systems: Promethion",NA,"BIDMC","none","Deepti_Ramachandran","21",27.26961068,6.266777,243.28434146,332.9421555,10,"Corncob","Weir","Igloo (Plastic)"
"516","CalR000171","23","Mouse","Whole Body","+/+","Dark",31.1,26.04,3.71,0.0451442496701389,1.03318142,110.080338625,97.5627389875,0.882114221666667,165.852083333333,16.2671937416667,-1,23.2152165833333,0.260293804583333,0.988037170329861,"2024-06-24T15:59:26Z","2024-06-26T14:59:26Z",47,"LabDiet 5008 3.56kcal/g",3.56,10,"Smad AdCreERT2/+","C57Bl/6","male",23,0,"Sable Systems: Promethion",NA,"BIDMC","none","Deepti_Ramachandran","23",24.79635408,6.24705131,283.5781249,402.422199,10,"Corncob","Weir","Igloo (Plastic)"
"517","CalR000171","24","Mouse","Whole Body","AdCreERT2/+","Dark",30.1,25.05,3.9,0.0472858006076389,0.724028943333333,115.119222875,102.84335545,0.886731480416667,184.80625,20.4558061133333,-1,26.8226603433333,0.279847508333333,0.676743142725694,"2024-06-24T15:59:26Z","2024-06-26T14:59:26Z",47,"LabDiet 5008 3.56kcal/g",3.56,10,"Smad AdCreERT2/+","C57Bl/6","male",23,0,"Sable Systems: Promethion",NA,"BIDMC","none","Deepti_Ramachandran","24",17.37669464,6.7163402,357.64377336,465.34032412,10,"Corncob","Weir","Igloo (Plastic)"
"518","CalR000171","31","Mouse","Whole Body","AdCreERT2/+","Dark",32.6,26.83,4.48,0.04446670265625,0.3248678,110.011011875,90.4584397625,0.820352775416667,126.35,11.5334909,-1,17.4048104,0.154564704166667,0.28040109734375,"2024-06-24T15:59:26Z","2024-06-26T14:59:26Z",47,"LabDiet 5008 3.56kcal/g",3.56,10,"Smad AdCreERT2/+","C57Bl/6","male",23,0,"Sable Systems: Promethion",NA,"BIDMC","none","Deepti_Ramachandran","31",7.7968272,3.7095529,212.3730158,319.7659248,10,"Corncob","Weir","Igloo (Plastic)"
"519","CalR000171","32","Mouse","Whole Body","+/+","Dark",28,23.19,3.79,0.0445203591493056,1.04254233616667,108.89551975,95.015432525,0.867576835625,139.039583333333,11.4924705583333,-1,17.342882125,0.26935377875,0.998021977017361,"2024-06-24T15:59:26Z","2024-06-26T14:59:26Z",47,"LabDiet 5008 3.56kcal/g",3.56,10,"Smad AdCreERT2/+","C57Bl/6","male",23,0,"Sable Systems: Promethion",NA,"BIDMC","none","Deepti_Ramachandran","32",25.021016068,6.46449069,189.2974517,291.7159855,10,"Corncob","Weir","Igloo (Plastic)"
